Unique Key,Created Date,Closed Date,Agency,Agency Name,Problem (formerly Complaint Type),Problem Detail (formerly Descriptor),Additional Details,Location Type,Incident Zip,Incident Address,Street Name,Cross Street 1,Cross Street 2,Intersection Street 1,Intersection Street 2,Address Type,City,Landmark,Facility Type,Status,Due Date,Resolution Description,Resolution Action Updated Date,Community Board,Council District,Police Precinct,BBL,Borough,X Coordinate (State Plane),Y Coordinate (State Plane),Open Data Channel Type,Park Facility Name,Park Borough,Vehicle Type,Taxi Company Borough,Taxi Pick Up Location,Bridge Highway Name,Bridge Highway Direction,Road Ramp,Bridge Highway Segment,Latitude,Longitude,Location
63935061,1/31/25 0:30,1/31/25 0:56,DSNY,Department of Sanitation,Vendor Enforcement,Food Vendor,In Prohibited Area,Street,10026,46 WEST  116 STREET,WEST  116 STREET,5 AVENUE,LENOX AVENUE,5 AVENUE,LENOX AVENUE,ADDRESS,NEW YORK,WEST  116 STREET,,Closed,,N/A,1/31/25 0:56,10 MANHATTAN,9,Precinct 28,1015997502,MANHATTAN,"998,537","231,279",PHONE,Unspecified,MANHATTAN,,,,,,,,40.80147184,-73.94839607,POINT (-73.948396072641 40.801471835336)
63931325,1/31/25 0:30,1/31/25 1:15,NYPD,New York City Police Department,Encampment,N/A,,Subway,,,,,,,,,,,,Closed,,The Police Department visited the location and no Encampment was found.,1/31/25 1:15,Unspecified MANHATTAN,,Unspecified,,MANHATTAN,"989,341","205,582",ONLINE,Unspecified,MANHATTAN,,,,L,L to Brooklyn,,Platform,40.73095031,-73.98163102,POINT (-73.98163102491 40.730950311026)
63936976,1/31/25 0:29,1/31/25 11:52,NYPD,New York City Police Department,Illegal Parking,Posted Parking Sign Violation,,Street/Sidewalk,10466,4310 DIGNEY AVENUE,DIGNEY AVENUE,PITMAN AVENUE,BARNES AVENUE,PITMAN AVENUE,BARNES AVENUE,ADDRESS,BRONX,DIGNEY AVENUE,,Closed,,The Police Department responded and upon arrival those responsible for the condition were gone.,1/31/25 11:52,12 BRONX,11,Precinct 47,2050490029,BRONX,"1,025,092","265,556",ONLINE,Unspecified,BRONX,,,,,,,,40.8954691,-73.85227207,POINT (-73.852272074025 40.895469098918)
63933023,1/31/25 0:29,1/31/25 4:30,NYPD,New York City Police Department,Illegal Parking,Blocked Hydrant,,Street/Sidewalk,11421,76-30 85 DRIVE,85 DRIVE,76 STREET,79 STREET,76 STREET,79 STREET,ADDRESS,WOODHAVEN,85 DRIVE,,Closed,,The Police Department responded to the complaint and determined that police action was not necessary.,1/31/25 4:30,09 QUEENS,32,Precinct 102,4088440014,QUEENS,"1,021,540","192,104",ONLINE,Unspecified,QUEENS,,,,,,,,40.69387931,-73.8655277,POINT (-73.865527697413 40.693879314526)
63931576,1/31/25 0:29,1/31/25 4:22,NYPD,New York City Police Department,Illegal Parking,Posted Parking Sign Violation,,Street/Sidewalk,11421,76-02 86 AVENUE,86 AVENUE,76 STREET,78 STREET,76 STREET,78 STREET,ADDRESS,WOODHAVEN,86 AVENUE,,Closed,,The Police Department responded to the complaint and determined that police action was not necessary.,1/31/25 4:22,09 QUEENS,32,Precinct 102,4088400117,QUEENS,"1,021,413","191,811",ONLINE,Unspecified,QUEENS,,,,,,,,40.69307563,-73.86598729,POINT (-73.86598729069 40.693075632475)
63936901,1/31/25 0:29,1/31/25 9:44,DOHMH,Department of Health and Mental Hygiene,Indoor Air Quality,Other (Explain Below),,3+ Family Apartment Building,11209,556 82 STREET,82 STREET,5 AVENUE,6 AVENUE,5 AVENUE,6 AVENUE,ADDRESS,BROOKLYN,82 STREET,,Closed,,The NYC Health Department (DOHMH) found a service request already exists for the same location. This request has been closed. DOHMH is addressing the original request.,1/31/25 9:44,10 BROOKLYN,47,Precinct 68,3060090025,BROOKLYN,"977,738","166,446",ONLINE,Unspecified,BROOKLYN,,,,,,,,40.62352992,-74.02345831,POINT (-74.023458308446 40.623529918291)
63941411,1/31/25 0:29,1/31/25 17:51,DEP,Department of Environmental Protection,Noise,Noise: Construction Before/After Hours (NM1),NM1,,10010,,,,,EAST 24 STREET,2 AVENUE,INTERSECTION,MANHATTAN,,N/A,Closed,,The Department of Environmental Protection determined that this complaint is a duplicate of a previously filed complaint. The original complaint is being addressed.,1/31/25 17:51,06 MANHATTAN,2,Precinct 13,,MANHATTAN,"989,675","208,352",PHONE,Unspecified,MANHATTAN,,,,,,,,40.73855308,-73.98042368,POINT (-73.980423676912 40.738553079723)
63941415,1/31/25 0:29,2/3/25 19:50,DEP,Department of Environmental Protection,Noise,Noise: Construction Before/After Hours (NM1),NM1,,10016,592 3 AVENUE,3 AVENUE,E 38 ST,E 39 ST,,,ADDRESS,NEW YORK,,N/A,Closed,,The Department of Environmental Protection determined that this complaint is a duplicate of a previously filed complaint. The original complaint is being addressed.,2/3/25 19:50,06 MANHATTAN,4,Precinct 17,1008940047,MANHATTAN,"990,897","212,035",ONLINE,Unspecified,MANHATTAN,,,,,,,,40.74866116,-73.9760104,POINT (-73.976010402975 40.748661160249)
63939354,1/31/25 0:28,1/31/25 2:35,NYPD,New York City Police Department,Blocked Driveway,No Access,,Street/Sidewalk,11354,140-84 34 AVENUE,34 AVENUE,UNION STREET,PARSONS BOULEVARD,UNION STREET,PARSONS BOULEVARD,ADDRESS,FLUSHING,34 AVENUE,,Closed,,The Police Department responded to the complaint and took action to fix the condition.,1/31/25 2:35,07 QUEENS,20,Precinct 109,4049940047,QUEENS,"1,032,191","218,590",MOBILE,Unspecified,QUEENS,,,,,,,,40.76652547,-73.82693027,POINT (-73.826930270407 40.766525469681)
63932482,1/31/25 0:28,1/31/25 1:08,NYPD,New York City Police Department,Noise - Commercial,Banging/Pounding,,Store/Commercial,11364,224-47 76 ROAD,76 ROAD,SPRINGFIELD BOULEVARD,226 STREET,SPRINGFIELD BOULEVARD,226 STREET,ADDRESS,OAKLAND GARDENS,76 ROAD,,Closed,,The Police Department responded to the complaint and took action to fix the condition.,1/31/25 1:08,11 QUEENS,23,Precinct 111,4078320063,QUEENS,"1,053,842","208,693",PHONE,Unspecified,QUEENS,,,,,,,,40.7392169,-73.74887172,POINT (-73.74887172268 40.739216901148)
63935632,1/31/25 0:28,1/31/25 4:31,NYPD,New York City Police Department,Illegal Parking,Blocked Sidewalk,,Street/Sidewalk,11421,76-01 85 DRIVE,85 DRIVE,76 STREET,79 STREET,76 STREET,79 STREET,ADDRESS,WOODHAVEN,85 DRIVE,,Closed,,The Police Department responded to the complaint and determined that police action was not necessary.,1/31/25 4:31,09 QUEENS,32,Precinct 102,4088450059,QUEENS,"1,021,404","192,074",ONLINE,Unspecified,QUEENS,,,,,,,,40.69379754,-73.86601829,POINT (-73.866018294755 40.693797543566)
63939398,1/31/25 0:28,1/31/25 4:22,NYPD,New York City Police Department,Illegal Parking,Blocked Hydrant,,Street/Sidewalk,11421,85-40 76 STREET,76 STREET,85 ROAD,85 DRIVE,85 ROAD,85 DRIVE,ADDRESS,WOODHAVEN,76 STREET,,Closed,,The Police Department responded to the complaint and determined that police action was not necessary.,1/31/25 4:22,09 QUEENS,32,Precinct 102,4088390025,QUEENS,"1,021,284","192,137",ONLINE,Unspecified,QUEENS,,,,,,,,40.69397097,-73.86645068,POINT (-73.866450681871 40.693970966746)
63947965,1/31/25 0:27,2/1/25 16:48,HPD,Department of Housing Preservation and Development,HEAT/HOT WATER,ENTIRE BUILDING,NO HEAT,RESIDENTIAL BUILDING,10462,2120 WALLACE AVENUE,WALLACE AVENUE,,,,,ADDRESS,BRONX,,,Closed,,"The Department of Housing Preservation and Development was not able to gain access to your apartment or others in the building to inspect for a lack of heat or hot water. The complaint has been closed. If the condition still exists, please file a new complaint.",2/1/25 0:00,11 BRONX,13,Precinct 49,2042920014,BRONX,"1,021,645","250,339",ONLINE,Unspecified,BRONX,,,,,,,,40.85371845,-73.86482499,POINT (-73.864824991584 40.853718451465)
63940828,1/31/25 0:27,4/1/25 1:44,DOHMH,Department of Health and Mental Hygiene,Mobile Food Vendor,Insects / Pests,Vermin/Insects/Pests Present,Mobile Food Vendor,11103,24-42 STEINWAY STREET,STEINWAY STREET,ASTORIA BOULEVARD SOUTH,25 AVENUE,ASTORIA BOULEVARD SOUTH,25 AVENUE,ADDRESS,ASTORIA,STEINWAY STREET,,Closed,,"The NYC Health Department has responded to your service request. For inspection results, please call (212) 676-1600 or email infobfscs@health.nyc.gov to request an inspection report. This service request has been closed.",4/1/25 1:45,01 QUEENS,22,Precinct 114,4006540060,QUEENS,"1,008,834","219,274",MOBILE,Unspecified,QUEENS,,,,,,,,40.76849868,-73.91124778,POINT (-73.911247778449 40.76849867889)
63937197,1/31/25 0:27,1/31/25 1:33,NYPD,New York City Police Department,Illegal Parking,Commercial Overnight Parking,,Street/Sidewalk,11411,231-83 121 AVENUE,121 AVENUE,FRANCIS LEWIS BOULEVARD,232 STREET,FRANCIS LEWIS BOULEVARD,232 STREET,ADDRESS,CAMBRIA HEIGHTS,121 AVENUE,,Closed,,The Police Department responded to the complaint and with the information available observed no evidence of the violation at that time.,1/31/25 1:33,13 QUEENS,27,Precinct 105,,QUEENS,"1,058,247","189,107",MOBILE,Unspecified,QUEENS,,,,,,,,40.68542249,-73.7331913,POINT (-73.733191298015 40.68542248645)
63936990,1/31/25 0:26,1/31/25 4:31,NYPD,New York City Police Department,Illegal Parking,Blocked Hydrant,,Street/Sidewalk,11421,76-03 85 ROAD,85 ROAD,76 STREET,79 STREET,76 STREET,79 STREET,ADDRESS,WOODHAVEN,85 ROAD,,Closed,,The Police Department responded to the complaint and determined that police action was not necessary.,1/31/25 4:31,09 QUEENS,32,Precinct 102,4088460049,QUEENS,"1,021,350","192,317",ONLINE,Unspecified,QUEENS,,,,,,,,40.69446475,-73.86621169,POINT (-73.866211686458 40.694464748041)
63939399,1/31/25 0:26,1/31/25 4:21,NYPD,New York City Police Department,Illegal Parking,Blocked Hydrant,,Street/Sidewalk,11421,85-14 76 STREET,76 STREET,PARK LANE SOUTH,85 ROAD,PARK LANE SOUTH,85 ROAD,ADDRESS,WOODHAVEN,76 STREET,,Closed,,The Police Department responded to the complaint and determined that police action was not necessary.,1/31/25 4:21,09 QUEENS,32,Precinct 102,4088390013,QUEENS,"1,021,219","192,387",ONLINE,Unspecified,QUEENS,,,,,,,,40.69465743,-73.86668371,POINT (-73.866683707722 40.694657429793)
63943725,1/31/25 0:26,1/31/25 12:57,DEP,Department of Environmental Protection,Lead,Lead Kit Request (Residential) (L10),L10,,10002,154 ALLEN STREET,ALLEN STREET,RIVINGTON ST,STANTON ST,,,ADDRESS,NEW YORK,,N/A,Closed,,The Department of Environmental Protection (DEP) mailed you the free lead test kit you requested. The kit includes instructions for collecting a water sample and contact information for DEP's Lead Program Unit if you have any questions. Please use the included pre-paid label to mail the sample to the lab for analysis. It may take the lab up to 30 days to complete their analysis and mail you the test results. This Service Request is closed and no further status will be available from 311.,1/31/25 12:57,03 MANHATTAN,1,Precinct 7,1004160066,MANHATTAN,"987,145","201,874",ONLINE,Unspecified,MANHATTAN,,,,,,,,40.72077374,-73.98955607,POINT (-73.989556067055 40.720773743717)
63942607,1/31/25 0:26,1/31/25 17:51,DEP,Department of Environmental Protection,Noise,Noise: Construction Before/After Hours (NM1),NM1,,10010,245 EAST   24 STREET,EAST   24 STREET,3 AVE,2 AVE,,,ADDRESS,NEW YORK,,N/A,Closed,,The Department of Environmental Protection determined that this complaint is a duplicate of a previously filed complaint. The original complaint is being addressed.,1/31/25 17:51,06 MANHATTAN,2,Precinct 13,1009050026,MANHATTAN,"989,596","208,399",ONLINE,Unspecified,MANHATTAN,,,,,,,,40.73868213,-73.98070871,POINT (-73.980708714118 40.738682131175)
63936499,1/31/25 0:25,1/31/25 1:03,NYPD,New York City Police Department,Noise - Street/Sidewalk,Loud Talking,,Street/Sidewalk,11369,32-56 96 STREET,96 STREET,32 AVENUE,NORTHERN BOULEVARD,32 AVENUE,NORTHERN BOULEVARD,ADDRESS,EAST ELMHURST,96 STREET,,Closed,,The Police Department responded to the complaint and with the information available observed no evidence of the violation at that time.,1/31/25 1:03,03 QUEENS,21,Precinct 115,4014250033,QUEENS,"1,019,631","215,202",PHONE,Unspecified,QUEENS,,,,,,,,40.75728548,-73.87229034,POINT (-73.872290338852 40.757285480007)
63940157,1/31/25 0:25,1/31/25 1:06,NYPD,New York City Police Department,Noise - Vehicle,Engine Idling,,Street/Sidewalk,10301,137 BENZIGER AVENUE,BENZIGER AVENUE,WESTERVELT AVENUE,BISMARK AVENUE,WESTERVELT AVENUE,BISMARK AVENUE,ADDRESS,STATEN ISLAND,BENZIGER AVENUE,,Closed,,The Police Department responded to the complaint and took action to fix the condition.,1/31/25 1:06,01 STATEN ISLAND,49,Precinct 120,5000390055,STATEN ISLAND,"961,153","172,370",ONLINE,Unspecified,STATEN ISLAND,SUV,,,,,,,40.63976232,-74.08322304,POINT (-74.083223038665 40.639762323003)
63936519,1/31/25 0:25,1/31/25 0:39,NYPD,New York City Police Department,Noise - Residential,Banging/Pounding,,Residential Building/House,11232,869 43 STREET,43 STREET,8 AVENUE,9 AVENUE,8 AVENUE,9 AVENUE,ADDRESS,BROOKLYN,43 STREET,,Closed,,The Police Department responded to the complaint and took action to fix the condition.,1/31/25 0:39,12 BROOKLYN,38,Precinct 66,3009250048,BROOKLYN,"984,742","173,976",MOBILE,Unspecified,BROOKLYN,,,,,,,,40.64420055,-73.99822711,POINT (-73.998227109476 40.644200549918)
63936977,1/31/25 0:25,1/31/25 4:20,NYPD,New York City Police Department,Illegal Parking,Posted Parking Sign Violation,,Street/Sidewalk,11421,76-00 PARK LANE SOUTH,PARK LANE SOUTH,76 STREET,79 STREET,76 STREET,79 STREET,ADDRESS,WOODHAVEN,PARK LANE SOUTH,,Closed,,The Police Department responded to the complaint and determined that police action was not necessary.,1/31/25 4:20,09 QUEENS,32,Precinct 102,,QUEENS,"1,021,278","192,558",ONLINE,Unspecified,QUEENS,,,,,,,,40.69512654,-73.86647,POINT (-73.866470004346 40.695126537936)
63936991,1/31/25 0:25,1/31/25 4:19,NYPD,New York City Police Department,Illegal Parking,Blocked Hydrant,,Street/Sidewalk,11421,76-30 PARK LANE SOUTH,PARK LANE SOUTH,76 STREET,79 STREET,76 STREET,79 STREET,ADDRESS,WOODHAVEN,PARK LANE SOUTH,,Closed,,The Police Department responded to the complaint and determined that police action was not necessary.,1/31/25 4:19,09 QUEENS,32,Precinct 102,4088460008,QUEENS,"1,021,412","192,594",ONLINE,Unspecified,QUEENS,,,,,,,,40.69522479,-73.86598658,POINT (-73.865986577053 40.695224787796)
63933244,1/31/25 0:25,2/5/25 11:26,DOT,Department of Transportation,Street Light Condition,Street Light Lamp Dim,Location Type: Intersection,,11233,,,,,ATLANTIC AVENUE,BUFFALO AVENUE,INTERSECTION,BROOKLYN,,,Closed,,Service Request status for this request is available on the Department of Transportationâs website. Please click the âLearn Moreâ link below.,2/5/25 11:26,03 BROOKLYN,41,Precinct 81,,BROOKLYN,"1,005,113","185,972",UNKNOWN,Unspecified,BROOKLYN,,,,,,,,40.67710235,-73.92478442,POINT (-73.924784415893 40.6771023534)
63937092,1/31/25 0:24,1/31/25 1:33,NYPD,New York City Police Department,Illegal Parking,Commercial Overnight Parking,,Street/Sidewalk,11411,216-75 120 AVENUE,120 AVENUE,SPRINGFIELD BOULEVARD,217 STREET,SPRINGFIELD BOULEVARD,217 STREET,ADDRESS,CAMBRIA HEIGHTS,120 AVENUE,,Closed,,The Police Department responded to the complaint and with the information available observed no evidence of the violation at that time.,1/31/25 1:33,13 QUEENS,27,Precinct 105,,QUEENS,"1,054,806","191,161",MOBILE,Unspecified,QUEENS,,,,,,,,40.69108832,-73.74557682,POINT (-73.745576823632 40.691088319559)
63940875,1/31/25 0:24,1/31/25 4:28,NYPD,New York City Police Department,Illegal Parking,Blocked Hydrant,,Street/Sidewalk,11421,85-34 79 STREET,79 STREET,85 ROAD,85 DRIVE,85 ROAD,85 DRIVE,ADDRESS,WOODHAVEN,79 STREET,,Closed,,The Police Department responded to the complaint and determined that police action was not necessary.,1/31/25 4:28,09 QUEENS,32,Precinct 102,4088450029,QUEENS,"1,021,896","192,361",ONLINE,Unspecified,QUEENS,,,,,,,,40.69458321,-73.86424248,POINT (-73.864242483595 40.694583211961)
63936897,1/31/25 0:24,1/31/25 4:26,NYPD,New York City Police Department,Illegal Parking,Blocked Hydrant,,Street/Sidewalk,11421,86-10 79 STREET,79 STREET,86 AVENUE,JAMAICA AVENUE,86 AVENUE,JAMAICA AVENUE,ADDRESS,WOODHAVEN,79 STREET,,Closed,,The Police Department responded to the complaint and determined that police action was not necessary.,1/31/25 4:27,09 QUEENS,32,Precinct 102,4088420131,QUEENS,"1,022,041","191,818",ONLINE,Unspecified,QUEENS,,,,,,,,40.69309219,-73.86372264,POINT (-73.863722637508 40.693092186487)
63935554,1/31/25 0:24,1/31/25 1:05,NYPD,New York City Police Department,Abandoned Vehicle,With License Plate,,Street/Sidewalk,11374,COOPER AVENUE,COOPER AVENUE,COOPER AVENUE,METROPOLITAN AVENUE,COOPER AVENUE,METROPOLITAN AVENUE,INTERSECTION,,,,Closed,,The Police Department responded to the complaint and took action to fix the condition.,1/31/25 1:05,05 QUEENS,32,Precinct 104,,QUEENS,"1,022,486","198,781",PHONE,Unspecified,QUEENS,Van,,,,,,,40.71220205,-73.8620784,POINT (-73.862078400394 40.712202052767)
63945500,1/31/25 0:24,1/31/25 10:00,HPD,Department of Housing Preservation and Development,HEAT/HOT WATER,ENTIRE BUILDING,NO HEAT,RESIDENTIAL BUILDING,10039,2588 7 AVENUE,7 AVENUE,,,,,ADDRESS,NEW YORK,,,Closed,,"The Department of Housing Preservation and Development contacted a tenant in the building and verified that the following conditions were corrected. The complaint has been closed. If the condition still exists, please file a new complaint.",1/31/25 0:00,10 MANHATTAN,9,Precinct 32,1020350001,MANHATTAN,"1,001,677","239,663",MOBILE,Unspecified,MANHATTAN,,,,,,,,40.82447794,-73.93703279,POINT (-73.937032785774 40.824477936903)
63937717,1/31/25 0:23,1/31/25 4:27,NYPD,New York City Police Department,Illegal Parking,Blocked Crosswalk,,Street/Sidewalk,11421,86-47 79 STREET,79 STREET,86 AVENUE,JAMAICA AVENUE,86 AVENUE,JAMAICA AVENUE,ADDRESS,WOODHAVEN,79 STREET,,Closed,,The Police Department responded to the complaint and determined that police action was not necessary.,1/31/25 4:27,09 QUEENS,32,Precinct 102,4088430124,QUEENS,"1,022,134","191,497",ONLINE,Unspecified,QUEENS,,,,,,,,40.69221072,-73.86338908,POINT (-73.863389077868 40.692210719135)
63937827,1/31/25 0:23,1/31/25 1:36,NYPD,New York City Police Department,Noise - Commercial,Loud Music/Party,,Store/Commercial,11103,24-42 STEINWAY STREET,STEINWAY STREET,ASTORIA BOULEVARD SOUTH,25 AVENUE,ASTORIA BOULEVARD SOUTH,25 AVENUE,ADDRESS,ASTORIA,STEINWAY STREET,,Closed,,The Police Department responded to the complaint and took action to fix the condition.,1/31/25 1:36,01 QUEENS,22,Precinct 114,4006540060,QUEENS,"1,008,834","219,274",MOBILE,Unspecified,QUEENS,,,,,,,,40.76849868,-73.91124778,POINT (-73.911247778449 40.76849867889)
63935520,1/31/25 0:23,1/31/25 4:14,NYPD,New York City Police Department,Illegal Parking,Blocked Hydrant,,Street/Sidewalk,11421,78-04 JAMAICA AVENUE,JAMAICA AVENUE,78 STREET,79 STREET,78 STREET,79 STREET,ADDRESS,WOODHAVEN,JAMAICA AVENUE,,Closed,,The Police Department responded to the complaint and with the information available observed no evidence of the violation at that time.,1/31/25 4:14,09 QUEENS,32,Precinct 102,4089140002,QUEENS,"1,022,037","191,375",ONLINE,Unspecified,QUEENS,,,,,,,,40.69187627,-73.86373955,POINT (-73.863739546757 40.691876272392)
63950406,1/31/25 0:23,2/1/25 0:10,HPD,Department of Housing Preservation and Development,HEAT/HOT WATER,APARTMENT ONLY,NO HEAT AND NO HOT WATER,RESIDENTIAL BUILDING,11106,31-35 CRESCENT STREET,CRESCENT STREET,,,,,ADDRESS,ASTORIA,,,Closed,,"This complaint is a duplicate of a building-wide condition already reported by another tenant.  The original complaint is still open, and HPD may only need to confirm that the condition exists by inspecting one apartment.  If we cannot contact the tenant from the original complaint or get access to that apartment, HPD may attempt to contact the person who filed this complaint to verify the correction of the condition or may conduct an inspection of your unit. You can check HPDONLINE to see if a",2/1/25 0:00,01 QUEENS,22,Precinct 114,4005790036,QUEENS,"1,004,421","217,880",MOBILE,Unspecified,QUEENS,,,,,,,,40.76468368,-73.9271836,POINT (-73.927183598411 40.764683681986)
63933812,1/31/25 0:22,1/31/25 0:27,NYPD,New York City Police Department,Noise - Commercial,Loud Music/Party,,Club/Bar/Restaurant,11206,253 BUSHWICK AVENUE,BUSHWICK AVENUE,MONTROSE AVENUE,JOHNSON AVENUE,MONTROSE AVENUE,JOHNSON AVENUE,ADDRESS,BROOKLYN,BUSHWICK AVENUE,,Closed,,The Police Department responded to the complaint and took action to fix the condition.,1/31/25 0:27,01 BROOKLYN,34,Precinct 90,3030640027,BROOKLYN,"1,000,949","196,975",PHONE,Unspecified,BROOKLYN,,,,,,,,40.70731187,-73.93976925,POINT (-73.939769247221 40.70731187412)
63936808,1/31/25 0:22,1/31/25 0:51,NYPD,New York City Police Department,Abandoned Vehicle,With License Plate,,Street/Sidewalk,11215,8 AVENUE,8 AVENUE,8 AVENUE,14 STREET,8 AVENUE,14 STREET,INTERSECTION,,,,Closed,,The Police Department responded to the complaint and determined that police action was not necessary.,1/31/25 0:51,06 BROOKLYN,39,Precinct 78,,BROOKLYN,"989,319","180,732",ONLINE,Unspecified,BROOKLYN,Other,,,,,,,40.66274286,-73.98172911,POINT (-73.981729105256 40.662742858408)
63939400,1/31/25 0:22,1/31/25 4:26,NYPD,New York City Police Department,Illegal Parking,Blocked Sidewalk,,Street/Sidewalk,11421,86-01 79 STREET,79 STREET,86 AVENUE,JAMAICA AVENUE,86 AVENUE,JAMAICA AVENUE,ADDRESS,WOODHAVEN,79 STREET,,Closed,,The Police Department responded to the complaint and determined that police action was not necessary.,1/31/25 4:26,09 QUEENS,32,Precinct 102,4088430018,QUEENS,"1,022,129","191,515",ONLINE,Unspecified,QUEENS,,,,,,,,40.69226015,-73.86340701,POINT (-73.863407006786 40.692260146319)
63932935,1/31/25 0:22,1/31/25 4:29,NYPD,New York City Police Department,Illegal Parking,Posted Parking Sign Violation,,Street/Sidewalk,11421,77-16 86 AVENUE,86 AVENUE,76 STREET,78 STREET,76 STREET,78 STREET,ADDRESS,WOODHAVEN,86 AVENUE,,Closed,,The Police Department responded to the complaint and determined that police action was not necessary.,1/31/25 4:29,09 QUEENS,32,Precinct 102,4088410127,QUEENS,"1,021,658","191,876",ONLINE,Unspecified,QUEENS,,,,,,,,40.69325301,-73.86510344,POINT (-73.865103441797 40.693253010048)
63937091,1/31/25 0:22,1/31/25 1:09,NYPD,New York City Police Department,Illegal Parking,Commercial Overnight Parking,,Street/Sidewalk,11411,115-02 230 STREET,230 STREET,115 AVENUE,115 ROAD,115 AVENUE,115 ROAD,ADDRESS,CAMBRIA HEIGHTS,230 STREET,,Closed,,The Police Department responded to the complaint and took action to fix the condition.,1/31/25 1:09,13 QUEENS,27,Precinct 105,4112930039,QUEENS,"1,059,422","193,427",MOBILE,Unspecified,QUEENS,,,,,,,,40.69726993,-73.72890646,POINT (-73.728906458019 40.697269932041)
63949182,1/31/25 0:21,1/31/25 14:21,HPD,Department of Housing Preservation and Development,HEAT/HOT WATER,ENTIRE BUILDING,NO HEAT,RESIDENTIAL BUILDING,10040,25 HILLSIDE AVENUE,HILLSIDE AVENUE,,,,,ADDRESS,NEW YORK,,,Closed,,The Department of Housing Preservation and Development conducted or attempted to conduct an inspection.  More information about inspection results can be found through HPD's website at www.nyc.gov/hpd by using HPDONLINE (enter your address on the home page) and entering your SR number under the complaint status option.,1/31/25 0:00,12 MANHATTAN,10,Precinct 34,1021700112,MANHATTAN,"1,003,608","252,132",ONLINE,Unspecified,MANHATTAN,,,,,,,,40.85869767,-73.93001971,POINT (-73.930019709621 40.858697670037)
63935802,1/31/25 0:21,1/31/25 1:05,NYPD,New York City Police Department,Illegal Parking,Blocked Hydrant,,Street/Sidewalk,11228,226 BAY TENTH STREET,BAY TENTH STREET,BATH AVENUE,CROPSEY AVENUE,BATH AVENUE,CROPSEY AVENUE,ADDRESS,BROOKLYN,BAY   10 STREET,,Closed,,The Police Department issued a summons in response to the complaint.,1/31/25 1:05,11 BROOKLYN,50,Precinct 62,3064270064,BROOKLYN,"980,516","160,232",MOBILE,Unspecified,BROOKLYN,,,,,,,,40.60647538,-74.01344763,POINT (-74.013447627003 40.606475379722)
63939547,1/31/25 0:21,1/31/25 1:04,NYPD,New York City Police Department,Abandoned Vehicle,With License Plate,,Street/Sidewalk,11374,89-62 COOPER AVENUE,COOPER AVENUE,METROPOLITAN AVENUE,WOODHAVEN BOULEVARD,METROPOLITAN AVENUE,WOODHAVEN BOULEVARD,ADDRESS,REGO PARK,COOPER AVENUE,,Closed,,The Police Department responded to the complaint and took action to fix the condition.,1/31/25 1:04,05 QUEENS,32,Precinct 104,,QUEENS,"1,022,707","198,919",PHONE,Unspecified,QUEENS,Truck,,,,,,,40.71257987,-73.86128044,POINT (-73.861280441305 40.712579871596)
63931850,1/31/25 0:21,1/31/25 0:37,NYPD,New York City Police Department,Illegal Parking,Commercial Overnight Parking,,Street/Sidewalk,10026,46 WEST  116 STREET,WEST  116 STREET,5 AVENUE,LENOX AVENUE,5 AVENUE,LENOX AVENUE,ADDRESS,NEW YORK,WEST  116 STREET,,Closed,,This complaint does not fall under the Police Department's jurisdiction.,1/31/25 0:37,10 MANHATTAN,9,Precinct 28,1015997502,MANHATTAN,"998,537","231,279",PHONE,Unspecified,MANHATTAN,,,,,,,,40.80147184,-73.94839607,POINT (-73.948396072641 40.801471835336)
63934337,1/31/25 0:21,1/31/25 2:36,NYPD,New York City Police Department,Illegal Parking,Blocked Hydrant,,Street/Sidewalk,11235,2829 BROWN STREET,BROWN STREET,GUNNISON COURT,EMMONS AVENUE,GUNNISON COURT,EMMONS AVENUE,ADDRESS,BROOKLYN,BROWN STREET,,Closed,,The Police Department responded to the complaint and determined that police action was not necessary.,1/31/25 2:36,15 BROOKLYN,48,Precinct 61,3088007501,BROOKLYN,"1,001,780","152,206",MOBILE,Unspecified,BROOKLYN,,,,,,,,40.58442908,-73.9368883,POINT (-73.936888296471 40.584429079749)
63931259,1/31/25 0:21,1/31/25 1:22,NYPD,New York City Police Department,Noise - Street/Sidewalk,Loud Talking,,Street/Sidewalk,10034,263 SHERMAN AVENUE,SHERMAN AVENUE,WEST  207 STREET,ISHAM STREET,WEST  207 STREET,ISHAM STREET,ADDRESS,NEW YORK,SHERMAN AVENUE,,Closed,,The Police Department responded to the complaint and with the information available observed no evidence of the violation at that time.,1/31/25 1:22,12 MANHATTAN,10,Precinct 34,1022230012,MANHATTAN,"1,006,673","254,862",MOBILE,Unspecified,MANHATTAN,,,,,,,,40.86618344,-73.91893043,POINT (-73.918930429453 40.866183440015)
63938229,1/31/25 0:21,1/31/25 6:39,NYPD,New York City Police Department,Illegal Parking,Double Parked Blocking Traffic,,Street/Sidewalk,11209,515 74 STREET,74 STREET,5 AVENUE,6 AVENUE,5 AVENUE,6 AVENUE,ADDRESS,BROOKLYN,74 STREET,,Closed,,The Police Department responded and upon arrival those responsible for the condition were gone.,1/31/25 6:39,10 BROOKLYN,47,Precinct 68,3059200066,BROOKLYN,"978,234","168,818",MOBILE,Unspecified,BROOKLYN,Car,,,,,,,40.63004091,-74.02167367,POINT (-74.021673671922 40.630040910374)
63938225,1/31/25 0:21,1/31/25 4:25,NYPD,New York City Police Department,Illegal Parking,Blocked Hydrant,,Street/Sidewalk,11421,86-24 78 STREET,78 STREET,86 AVENUE,JAMAICA AVENUE,86 AVENUE,JAMAICA AVENUE,ADDRESS,WOODHAVEN,78 STREET,,Closed,,The Police Department responded to the complaint and determined that police action was not necessary.,1/31/25 4:25,09 QUEENS,32,Precinct 102,4088410135,QUEENS,"1,021,847","191,667",ONLINE,Unspecified,QUEENS,,,,,,,,40.69267855,-73.86442306,POINT (-73.86442305864 40.692678553167)
63932994,1/31/25 0:21,1/31/25 4:25,NYPD,New York City Police Department,Illegal Parking,Posted Parking Sign Violation,,Street/Sidewalk,11421,86-45 78 STREET,78 STREET,86 AVENUE,JAMAICA AVENUE,86 AVENUE,JAMAICA AVENUE,ADDRESS,WOODHAVEN,78 STREET,,Closed,,The Police Department responded to the complaint and determined that police action was not necessary.,1/31/25 4:25,09 QUEENS,32,Precinct 102,4088420158,QUEENS,"1,021,889","191,535",ONLINE,Unspecified,QUEENS,,,,,,,,40.69231607,-73.86427234,POINT (-73.864272342008 40.692316065579)
63935188,1/31/25 0:20,1/31/25 0:57,NYPD,New York City Police Department,Noise - Residential,Banging/Pounding,,Residential Building/House,11222,158 RUSSELL STREET,RUSSELL STREET,NASSAU AVENUE,NORMAN AVENUE,NASSAU AVENUE,NORMAN AVENUE,ADDRESS,BROOKLYN,RUSSELL STREET,,Closed,,The Police Department responded to the complaint and took action to fix the condition.,1/31/25 0:57,01 BROOKLYN,33,Precinct 94,3026550046,BROOKLYN,"999,610","203,855",ONLINE,Unspecified,BROOKLYN,,,,,,,,40.72619825,-73.94458312,POINT (-73.944583116337 40.72619824693)
63935226,1/31/25 0:20,1/31/25 1:22,NYPD,New York City Police Department,Noise - Street/Sidewalk,Loud Talking,,Street/Sidewalk,10034,263 SHERMAN AVENUE,SHERMAN AVENUE,WEST  207 STREET,ISHAM STREET,WEST  207 STREET,ISHAM STREET,ADDRESS,NEW YORK,SHERMAN AVENUE,,Closed,,The Police Department responded to the complaint and with the information available observed no evidence of the violation at that time.,1/31/25 1:22,12 MANHATTAN,10,Precinct 34,1022230012,MANHATTAN,"1,006,673","254,862",MOBILE,Unspecified,MANHATTAN,,,,,,,,40.86618344,-73.91893043,POINT (-73.918930429453 40.866183440015)
63930959,1/31/25 0:20,1/31/25 1:07,NYPD,New York City Police Department,Noise - Vehicle,Engine Idling,,Street/Sidewalk,10301,133 BENZIGER AVENUE,BENZIGER AVENUE,WESTERVELT AVENUE,BISMARK AVENUE,WESTERVELT AVENUE,BISMARK AVENUE,ADDRESS,STATEN ISLAND,BENZIGER AVENUE,,Closed,,The Police Department responded to the complaint and took action to fix the condition.,1/31/25 1:07,01 STATEN ISLAND,49,Precinct 120,5000390053,STATEN ISLAND,"961,179","172,375",ONLINE,Unspecified,STATEN ISLAND,SUV,,,,,,,40.63977611,-74.08312937,POINT (-74.083129372699 40.63977611469)
63948740,1/31/25 0:20,1/31/25 17:56,DEP,Department of Environmental Protection,Noise,Noise: Construction Before/After Hours (NM1),NM1,,10033,4260 BROADWAY,BROADWAY,W 181 ST,W 182 ST,,,ADDRESS,NEW YORK,,N/A,Closed,,The Department of Environmental Protection determined that this complaint is a duplicate of a previously filed complaint. The original complaint is being addressed.,1/31/25 17:56,12 MANHATTAN,10,Precinct 34,1021647501,MANHATTAN,"1,002,047","249,070",ONLINE,Unspecified,MANHATTAN,,,,,,,,40.85029668,-73.93567094,POINT (-73.93567094185 40.850296679687)
63948821,1/31/25 0:20,1/31/25 18:30,DEP,Department of Environmental Protection,Noise,Noise: Alarms (NR3),NR3,,11220,711 68 STREET,68 STREET,7 AVE,8 AVE,,,ADDRESS,BROOKLYN,,N/A,Closed,,"The Department of Environmental Protection (DEP) didn't observe a violation of the NYC Air or Noise Code at the time of inspection and couldn't issue a summons.  If the problem still exists, please go to nyc.gov/311 or call 311 to file a new Service Request. If you're outside of New York City, please call (212) NEW-YORK (212-639-9675).",1/31/25 18:30,10 BROOKLYN,38,Precinct 68,3058580056,BROOKLYN,"979,996","169,357",ONLINE,Unspecified,BROOKLYN,,,,,,,,40.63152137,-74.0153261,POINT (-74.01532610459 40.63152137285)
63934530,1/31/25 0:19,1/31/25 1:04,NYPD,New York City Police Department,Illegal Parking,Commercial Overnight Parking,,Street/Sidewalk,11411,117-07 229 STREET,229 STREET,LINDEN BOULEVARD,118 AVENUE,LINDEN BOULEVARD,118 AVENUE,ADDRESS,CAMBRIA HEIGHTS,229 STREET,,Closed,,The Police Department responded to the complaint and took action to fix the condition.,1/31/25 1:05,13 QUEENS,27,Precinct 105,,QUEENS,"1,058,448","191,647",MOBILE,Unspecified,QUEENS,,,,,,,,40.69239249,-73.73243859,POINT (-73.732438589219 40.692392487517)
63935151,1/31/25 0:19,1/31/25 1:45,NYPD,New York City Police Department,Noise - Commercial,Loud Music/Party,,Store/Commercial,11103,36-08 30 AVENUE,30 AVENUE,36 STREET,37 STREET,36 STREET,37 STREET,ADDRESS,ASTORIA,30 AVENUE,,Closed,,The Police Department responded to the complaint and took action to fix the condition.,1/31/25 1:45,01 QUEENS,22,Precinct 114,4006510044,QUEENS,"1,007,178","217,974",MOBILE,Unspecified,QUEENS,,,,,,,,40.76493497,-73.91723064,POINT (-73.917230637509 40.764934967325)
63935692,1/31/25 0:19,2/1/25 1:33,NYPD,New York City Police Department,Noise - Street/Sidewalk,Loud Talking,,Street/Sidewalk,11377,72-15 41 AVENUE,41 AVENUE,72 STREET,73 STREET,72 STREET,73 STREET,ADDRESS,WOODSIDE,41 AVENUE,,Closed,,The Police Department responded to the complaint and with the information available observed no evidence of the violation at that time.,2/1/25 1:33,04 QUEENS,25,Precinct 110,4013040071,QUEENS,"1,013,917","210,726",ONLINE,Unspecified,QUEENS,,,,,,,,40.74502102,-73.89293506,POINT (-73.892935059871 40.745021019517)
63933024,1/31/25 0:19,1/31/25 4:13,NYPD,New York City Police Department,Illegal Parking,Blocked Hydrant,,Street/Sidewalk,11421,77-05 JAMAICA AVENUE,JAMAICA AVENUE,77 STREET,78 STREET,77 STREET,78 STREET,ADDRESS,WOODHAVEN,JAMAICA AVENUE,,Closed,,The Police Department responded to the complaint and with the information available observed no evidence of the violation at that time.,1/31/25 4:13,09 QUEENS,32,Precinct 102,4088410150,QUEENS,"1,021,790","191,325",ONLINE,Unspecified,QUEENS,,,,,,,,40.69174009,-73.86463051,POINT (-73.864630509437 40.691740085236)
63937849,1/31/25 0:19,1/31/25 1:14,NYPD,New York City Police Department,Noise - Street/Sidewalk,Loud Talking,,Street/Sidewalk,10026,1 ST NICHOLAS AVENUE,ST NICHOLAS AVENUE,CENTRAL PARK NORTH,WEST  111 STREET,CENTRAL PARK NORTH,WEST  111 STREET,ADDRESS,NEW YORK,ST NICHOLAS AVENUE,,Closed,,The Police Department responded and upon arrival those responsible for the condition were gone.,1/31/25 1:14,10 MANHATTAN,9,Precinct 28,1018207503,MANHATTAN,"997,409","230,152",MOBILE,Unspecified,MANHATTAN,,,,,,,,40.79838028,-73.95247256,POINT (-73.952472559839 40.798380280385)
63932936,1/31/25 0:19,1/31/25 4:24,NYPD,New York City Police Department,Illegal Parking,Posted Parking Sign Violation,,Street/Sidewalk,11421,86-50 77 STREET,77 STREET,DEAD END,JAMAICA AVENUE,DEAD END,JAMAICA AVENUE,ADDRESS,WOODHAVEN,77 STREET,,Closed,,The Police Department responded to the complaint and determined that police action was not necessary.,1/31/25 4:24,09 QUEENS,32,Precinct 102,4088400144,QUEENS,"1,021,700","191,446",ONLINE,Unspecified,QUEENS,,,,,,,,40.69207258,-73.86495438,POINT (-73.864954376853 40.692072583201)
63937015,1/31/25 0:19,1/31/25 3:22,NYPD,New York City Police Department,Noise - Street/Sidewalk,Loud Music/Party,,Street/Sidewalk,11220,711 68 STREET,68 STREET,7 AVENUE,8 AVENUE,7 AVENUE,8 AVENUE,ADDRESS,BROOKLYN,68 STREET,,Closed,,The Police Department responded to the complaint and with the information available observed no evidence of the violation at that time.,1/31/25 3:22,10 BROOKLYN,38,Precinct 68,3058580056,BROOKLYN,"979,996","169,357",MOBILE,Unspecified,BROOKLYN,,,,,,,,40.63152137,-74.0153261,POINT (-74.01532610459 40.63152137285)
63933029,1/31/25 0:19,1/31/25 2:39,NYPD,New York City Police Department,Illegal Parking,Posted Parking Sign Violation,,Street/Sidewalk,10305,GUILFORD STREET,GUILFORD STREET,GUILFORD STREET,LILY POND AVENUE,GUILFORD STREET,LILY POND AVENUE,INTERSECTION,,,,Closed,,The Police Department responded to the complaint and took action to fix the condition.,1/31/25 2:39,02 STATEN ISLAND,50,Precinct 122,,STATEN ISLAND,"967,017","156,731",ONLINE,Unspecified,STATEN ISLAND,,,,,,,,40.59684988,-74.06205398,POINT (-74.062053981674 40.596849878317)
63933018,1/31/25 0:18,1/31/25 3:05,NYPD,New York City Police Department,Noise - Residential,Banging/Pounding,,Residential Building/House,10467,3535 ROCHAMBEAU AVENUE,ROCHAMBEAU AVENUE,EAST GUN HILL ROAD,EAST  212 STREET,EAST GUN HILL ROAD,EAST  212 STREET,ADDRESS,BRONX,ROCHAMBEAU AVENUE,,Closed,,The Police Department responded to the complaint but officers were unable to gain entry into the premises.,1/31/25 3:05,07 BRONX,11,Precinct 52,2033280171,BRONX,"1,017,693","260,786",PHONE,Unspecified,BRONX,,,,,,,,40.88240811,-73.87905848,POINT (-73.879058477135 40.882408110385)
63935097,1/31/25 0:18,1/31/25 1:40,NYPD,New York City Police Department,Noise - Residential,Loud Music/Party,,Residential Building/House,11212,181 ROCKAWAY PARKWAY,ROCKAWAY PARKWAY,WINTHROP STREET,CLARKSON AVENUE,WINTHROP STREET,CLARKSON AVENUE,ADDRESS,BROOKLYN,ROCKAWAY PARKWAY,,Closed,,The Police Department responded to the complaint but officers were unable to gain entry into the premises.,1/31/25 1:40,17 BROOKLYN,41,Precinct 67,3046330065,BROOKLYN,"1,006,045","180,586",MOBILE,Unspecified,BROOKLYN,,,,,,,,40.66231675,-73.92144177,POINT (-73.921441772013 40.662316746945)
63941014,1/31/25 0:18,1/31/25 1:18,NYPD,New York City Police Department,Illegal Parking,Blocked Hydrant,,Street/Sidewalk,11434,137 AVENUE,137 AVENUE,137 AVENUE,166 PLACE,137 AVENUE,166 PLACE,INTERSECTION,,,,Closed,,The Police Department responded to the complaint and with the information available observed no evidence of the violation at that time.,1/31/25 1:19,12 QUEENS,28,Unspecified,,QUEENS,"1,047,020","184,238",PHONE,Unspecified,QUEENS,,,,,,,,40.67214497,-73.7737173,POINT (-73.773717300493 40.672144967818)
63935128,1/31/25 0:18,1/31/25 4:13,NYPD,New York City Police Department,Illegal Parking,Blocked Crosswalk,,Street/Sidewalk,11421,76-02 JAMAICA AVENUE,JAMAICA AVENUE,76 STREET,77 STREET,76 STREET,77 STREET,ADDRESS,WOODHAVEN,JAMAICA AVENUE,,Closed,,The Police Department responded to the complaint and with the information available observed no evidence of the violation at that time.,1/31/25 4:13,09 QUEENS,32,Precinct 102,4089050001,QUEENS,"1,021,556","191,267",ONLINE,Unspecified,QUEENS,,,,,,,,40.69158188,-73.86547463,POINT (-73.865474634862 40.691581878264)
63939590,1/31/25 0:18,1/31/25 0:18,DOHMH,Department of Health and Mental Hygiene,Rodent,Rat Sighting,,Commercial Building,11372,35-64 95 STREET,95 STREET,35 AVENUE,37 AVENUE,35 AVENUE,37 AVENUE,ADDRESS,JACKSON HEIGHTS,95 STREET,N/A,Closed,,The Department of Health and Mental Hygiene found violations on the property you reported. Follow-up inspections will be scheduled.,2/4/25 13:31,03 QUEENS,21,Precinct 115,4014680036,QUEENS,"1,019,560","213,547",PHONE,Unspecified,QUEENS,,,,,,,,40.75274321,-73.87255531,POINT (-73.872555308145 40.752743214521)
63936997,1/31/25 0:18,1/31/25 4:12,NYPD,New York City Police Department,Illegal Parking,Blocked Hydrant,,Street/Sidewalk,11421,76-07 JAMAICA AVENUE,JAMAICA AVENUE,76 STREET,77 STREET,76 STREET,77 STREET,ADDRESS,WOODHAVEN,JAMAICA AVENUE,,Closed,,The Police Department responded to the complaint and with the information available observed no evidence of the violation at that time.,1/31/25 4:13,09 QUEENS,32,Precinct 102,4088400149,QUEENS,"1,021,561","191,274",ONLINE,Unspecified,QUEENS,,,,,,,,40.69160107,-73.86545657,POINT (-73.86545656613 40.691601070548)
63937059,1/31/25 0:18,1/31/25 1:17,NYPD,New York City Police Department,Illegal Parking,Blocked Hydrant,,Street/Sidewalk,11220,503 63 STREET,63 STREET,5 AVENUE,6 AVENUE,5 AVENUE,6 AVENUE,ADDRESS,BROOKLYN,63 STREET,,Closed,,The Police Department issued a summons in response to the complaint.,1/31/25 1:17,07 BROOKLYN,38,Precinct 72,3058010001,BROOKLYN,"979,375","171,561",MOBILE,Unspecified,BROOKLYN,,,,,,,,40.63757056,-74.01756501,POINT (-74.017565005395 40.637570564587)
63939548,1/31/25 0:17,1/31/25 1:03,NYPD,New York City Police Department,Abandoned Vehicle,With License Plate,,Street/Sidewalk,11385,89-10 COOPER AVENUE,COOPER AVENUE,88 STREET,METROPOLITAN AVENUE,88 STREET,METROPOLITAN AVENUE,ADDRESS,RIDGEWOOD,COOPER AVENUE,,Closed,,The Police Department responded to the complaint and took action to fix the condition.,1/31/25 1:03,05 QUEENS,32,Precinct 104,4038510064,QUEENS,"1,022,346","198,688",PHONE,Unspecified,QUEENS,Car,,,,,,,40.71194739,-73.86258392,POINT (-73.86258392173 40.711947394132)
63948448,1/31/25 0:17,1/31/25 20:45,DEP,Department of Environmental Protection,Noise,Noise: Construction Equipment (NC1),NC1,,10002,71 HESTER STREET,HESTER STREET,LUDLOW ST,ORCHARD ST,,,ADDRESS,NEW YORK,,N/A,Closed,,"The Department of Environmental Protection (DEP) didn't observe a violation of the NYC Air or Noise Code at the time of inspection and couldn't issue a summons.  If the problem still exists, please go to nyc.gov/311 or call 311 to file a new Service Request. If you're outside of New York City, please call (212) NEW-YORK (212-639-9675).",1/31/25 20:45,03 MANHATTAN,1,Precinct 7,1003090001,MANHATTAN,"986,774","200,100",ONLINE,Unspecified,MANHATTAN,,,,,,,,40.71590465,-73.99089514,POINT (-73.990895142995 40.715904653613)
63949203,1/31/25 0:16,2/3/25 19:58,HPD,Department of Housing Preservation and Development,HEAT/HOT WATER,ENTIRE BUILDING,NO HEAT,RESIDENTIAL BUILDING,11385,1819 GEORGE STREET,GEORGE STREET,,,,,ADDRESS,RIDGEWOOD,,,Closed,,"HPD inspected this condition so the complaint has been closed. Violations were issued. The law provides the property owner time to correct the condition(s).  Violation descriptions and the dates for the property owner to correct any violations are available at HPDONLINE.  If the owner has not corrected the condition by the date provided, you may wish to bring a case in housing court seeking the correction of these conditions.To find out more about how to start a housing court case, visit HPD's w",2/3/25 0:00,05 QUEENS,34,Precinct 104,4035740051,QUEENS,"1,011,656","194,153",ONLINE,Unspecified,QUEENS,,,,,,,,40.69953947,-73.90116224,POINT (-73.901162237963 40.699539466838)
63949176,1/31/25 0:16,2/1/25 0:10,HPD,Department of Housing Preservation and Development,HEAT/HOT WATER,APARTMENT ONLY,NO HEAT AND NO HOT WATER,RESIDENTIAL BUILDING,11106,31-35 CRESCENT STREET,CRESCENT STREET,,,,,ADDRESS,ASTORIA,,,Closed,,"This complaint is a duplicate of a building-wide condition already reported by another tenant.  The original complaint is still open, and HPD may only need to confirm that the condition exists by inspecting one apartment.  If we cannot contact the tenant from the original complaint or get access to that apartment, HPD may attempt to contact the person who filed this complaint to verify the correction of the condition or may conduct an inspection of your unit. You can check HPDONLINE to see if a",2/1/25 0:00,01 QUEENS,22,Precinct 114,4005790036,QUEENS,"1,004,421","217,880",MOBILE,Unspecified,QUEENS,,,,,,,,40.76468368,-73.9271836,POINT (-73.927183598411 40.764683681986)
63944325,1/31/25 0:16,2/3/25 19:55,HPD,Department of Housing Preservation and Development,HEAT/HOT WATER,ENTIRE BUILDING,NO HEAT,RESIDENTIAL BUILDING,11377,41-06 50 STREET,50 STREET,,,,,ADDRESS,WOODSIDE,,,Closed,,"The Department of Housing Preservation and Development was not able to gain access to your apartment to inspect for a lack of heat or hot water. However, HPD was able to verify that heat or hot water was inadequate by inspecting another apartment and a violation was issued. Information about specific violations is available at www.nyc.gov/hpd.",2/3/25 0:00,02 QUEENS,26,Precinct 108,4001340029,QUEENS,"1,007,979","211,034",PHONE,Unspecified,QUEENS,,,,,,,,40.74588433,-73.91436355,POINT (-73.914363546771 40.745884328833)
63949180,1/31/25 0:16,1/31/25 9:11,HPD,Department of Housing Preservation and Development,HEAT/HOT WATER,ENTIRE BUILDING,NO HEAT,RESIDENTIAL BUILDING,10468,2768 UNIVERSITY AVENUE,UNIVERSITY AVENUE,,,,,ADDRESS,BRONX,,,Closed,,The Department of Housing Preservation and Development contacted an occupant of the apartment or building and verified that the complaint was addressed.  The complaint has been closed.,1/31/25 0:00,08 BRONX,14,Precinct 50,,BRONX,"1,012,049","256,492",MOBILE,Unspecified,BRONX,,,,,,,,40.870642,-73.89948694,POINT (-73.899486943166 40.870641997294)
63949163,1/31/25 0:16,2/1/25 0:10,HPD,Department of Housing Preservation and Development,HEAT/HOT WATER,APARTMENT ONLY,NO HEAT AND NO HOT WATER,RESIDENTIAL BUILDING,11106,31-35 CRESCENT STREET,CRESCENT STREET,,,,,ADDRESS,ASTORIA,,,Closed,,"This complaint is a duplicate of a building-wide condition already reported by another tenant.  The original complaint is still open, and HPD may only need to confirm that the condition exists by inspecting one apartment.  If we cannot contact the tenant from the original complaint or get access to that apartment, HPD may attempt to contact the person who filed this complaint to verify the correction of the condition or may conduct an inspection of your unit. You can check HPDONLINE to see if a",2/1/25 0:00,01 QUEENS,22,Precinct 114,4005790036,QUEENS,"1,004,421","217,880",MOBILE,Unspecified,QUEENS,,,,,,,,40.76468368,-73.9271836,POINT (-73.927183598411 40.764683681986)
63935794,1/31/25 0:16,1/31/25 1:03,NYPD,New York City Police Department,Illegal Parking,Commercial Overnight Parking,,Street/Sidewalk,11214,8864 BAY   16 STREET,BAY   16 STREET,CROPSEY AVENUE,17 COURT,CROPSEY AVENUE,17 COURT,ADDRESS,BROOKLYN,BAY   16 STREET,,Closed,,The Police Department issued a summons in response to the complaint.,1/31/25 1:03,11 BROOKLYN,47,Precinct 62,3064620033,BROOKLYN,"981,581","158,919",MOBILE,Unspecified,BROOKLYN,,,,,,,,40.60287185,-74.00961162,POINT (-74.00961161736 40.602871847216)
63933222,1/31/25 0:16,1/31/25 1:21,NYPD,New York City Police Department,Illegal Parking,Double Parked Blocking Traffic,,Street/Sidewalk,10019,750 7 AVENUE,7 AVENUE,WEST   49 STREET,WEST   50 STREET,WEST   49 STREET,WEST   50 STREET,ADDRESS,NEW YORK,7 AVENUE,,Closed,,The Police Department responded and upon arrival those responsible for the condition were gone.,1/31/25 1:22,05 MANHATTAN,3,Precinct 18,1010210026,MANHATTAN,"988,814","216,440",MOBILE,Unspecified,MANHATTAN,Car,,,,,,,40.76075309,-73.98352514,POINT (-73.983525139619 40.760753085757)
63937791,1/31/25 0:16,1/31/25 1:28,NYPD,New York City Police Department,Noise - Residential,Banging/Pounding,,Residential Building/House,10031,1626 AMSTERDAM AVENUE,AMSTERDAM AVENUE,WEST  140 STREET,WEST  141 STREET,WEST  140 STREET,WEST  141 STREET,ADDRESS,NEW YORK,AMSTERDAM AVENUE,,Closed,,The Police Department responded to the complaint but officers were unable to gain entry into the premises.,1/31/25 1:28,09 MANHATTAN,7,Precinct 30,1020720030,MANHATTAN,"998,139","238,842",MOBILE,Unspecified,MANHATTAN,,,,,,,,40.8222308,-73.94981798,POINT (-73.949817979108 40.822230796801)
63935544,1/31/25 0:16,2/1/25 1:33,NYPD,New York City Police Department,Non-Emergency Police Matter,Trespassing,,Residential Building/House,11377,72-10 41 AVENUE,41 AVENUE,72 STREET,73 STREET,72 STREET,73 STREET,ADDRESS,WOODSIDE,41 AVENUE,,Closed,,The Police Department responded to the complaint and with the information available observed no evidence of the violation at that time.,2/1/25 1:33,04 QUEENS,25,Precinct 110,4013120010,QUEENS,"1,013,908","210,718",ONLINE,Unspecified,QUEENS,,,,,,,,40.74499909,-73.89296758,POINT (-73.892967575125 40.744999091724)
63940377,1/31/25 0:15,1/31/25 0:55,NYPD,New York City Police Department,Noise - Residential,Loud Music/Party,,Residential Building/House,10032,600 WEST  164 STREET,WEST  164 STREET,BROADWAY,FORT WASHINGTON AVENUE,BROADWAY,FORT WASHINGTON AVENUE,ADDRESS,NEW YORK,WEST  164 STREET,,Closed,,The Police Department responded to the complaint and with the information available observed no evidence of the violation at that time.,1/31/25 0:55,12 MANHATTAN,7,Precinct 33,1021370141,MANHATTAN,"1,000,286","244,796",MOBILE,Unspecified,MANHATTAN,,,,,,,,40.83856918,-73.94204647,POINT (-73.942046473449 40.838569179471)
63937767,1/31/25 0:15,1/31/25 0:16,NYPD,New York City Police Department,Noise - Residential,Banging/Pounding,,Residential Building/House,11435,148-28 88 AVENUE,88 AVENUE,148 STREET,150 STREET,148 STREET,150 STREET,ADDRESS,JAMAICA,88 AVENUE,,Closed,,The Police Department responded to the complaint and took action to fix the condition.,1/31/25 0:16,12 QUEENS,27,Precinct 103,4096930019,QUEENS,"1,037,557","196,278",PHONE,Unspecified,QUEENS,,,,,,,,40.70525396,-73.80773556,POINT (-73.807735556256 40.705253959919)
63936793,1/31/25 0:14,1/31/25 1:05,NYPD,New York City Police Department,Abandoned Vehicle,With License Plate,,Street/Sidewalk,11374,89-88 COOPER AVENUE,COOPER AVENUE,METROPOLITAN AVENUE,WOODHAVEN BOULEVARD,METROPOLITAN AVENUE,WOODHAVEN BOULEVARD,ADDRESS,REGO PARK,COOPER AVENUE,,Closed,,The Police Department responded to the complaint and took action to fix the condition.,1/31/25 1:05,05 QUEENS,32,Precinct 104,4031760034,QUEENS,"1,022,938","199,066",PHONE,Unspecified,QUEENS,Van,,,,,,,40.71298234,-73.86044635,POINT (-73.860446349964 40.712982343978)
63932258,1/31/25 0:14,1/31/25 0:18,NYPD,New York City Police Department,Blocked Driveway,No Access,,Street/Sidewalk,11208,386 LINCOLN AVENUE,LINCOLN AVENUE,BEND,MC KINLEY AVENUE,BEND,MC KINLEY AVENUE,ADDRESS,BROOKLYN,LINCOLN AVENUE,,Closed,,The Police Department responded to the complaint and with the information available observed no evidence of the violation at that time.,1/31/25 0:18,05 BROOKLYN,37,Precinct 75,3041720065,BROOKLYN,"1,020,708","187,348",PHONE,Unspecified,BROOKLYN,,,,,,,,40.68082867,-73.86855372,POINT (-73.868553722587 40.680828666301)
63937222,1/31/25 0:14,1/31/25 0:46,NYPD,New York City Police Department,Noise - Residential,Loud Television,,Residential Building/House,10024,345 WEST   86 STREET,WEST   86 STREET,WEST END AVENUE,RIVERSIDE DRIVE,WEST END AVENUE,RIVERSIDE DRIVE,ADDRESS,NEW YORK,WEST   86 STREET,,Closed,,The Police Department responded to the complaint and took action to fix the condition.,1/31/25 0:47,07 MANHATTAN,6,Precinct 24,1012480011,MANHATTAN,"989,806","227,013",MOBILE,Unspecified,MANHATTAN,,,,,,,,40.78977263,-73.97993553,POINT (-73.979935534112 40.78977262616)
63947387,1/31/25 0:14,1/31/25 13:20,DEP,Department of Environmental Protection,Water System,LOW WATER PRESSURE - WLWP,WLWP,,10312,77 SEIDMAN AVENUE,SEIDMAN AVENUE,OAKDALE ST,SYCAMORE ST,,,ADDRESS,STATEN ISLAND,,,Closed,,The Department of Environmental Protection investigated this complaint and determined it is an inside condition within the complainant's property.,1/31/25 13:20,03 STATEN ISLAND,51,Precinct 123,5053560059,STATEN ISLAND,"937,909","135,430",ONLINE,Unspecified,STATEN ISLAND,,,,,,,,40.53827848,-74.16672226,POINT (-74.166722264944 40.53827848368)
63933137,1/31/25 0:13,1/31/25 0:58,NYPD,New York City Police Department,Illegal Parking,Blocked Hydrant,,Street/Sidewalk,11220,475 64 STREET,64 STREET,4 AVENUE,5 AVENUE,4 AVENUE,5 AVENUE,ADDRESS,BROOKLYN,64 STREET,,Closed,,The Police Department issued a summons in response to the complaint.,1/31/25 0:58,07 BROOKLYN,38,Precinct 72,3058090043,BROOKLYN,"978,916","171,591",MOBILE,Unspecified,BROOKLYN,,,,,,,,40.63765264,-74.01921884,POINT (-74.019218841876 40.637652643666)
63936999,1/31/25 0:13,1/31/25 2:42,NYPD,New York City Police Department,Illegal Parking,Blocked Hydrant,,Street/Sidewalk,11412,113-14 198 STREET,198 STREET,113 AVENUE,MURDOCK AVENUE,113 AVENUE,MURDOCK AVENUE,ADDRESS,SAINT ALBANS,198 STREET,,Closed,,The Police Department issued a summons in response to the complaint.,1/31/25 2:42,12 QUEENS,27,Precinct 113,4109920018,QUEENS,"1,051,648","194,599",MOBILE,Unspecified,QUEENS,,,,,,,,40.70054941,-73.75693003,POINT (-73.756930032267 40.700549407291)
63937735,1/31/25 0:13,1/31/25 1:21,NYPD,New York City Police Department,Noise - Residential,Banging/Pounding,,Residential Building/House,10040,27 SICKLES STREET,SICKLES STREET,NAGLE AVENUE,SHERMAN AVENUE,NAGLE AVENUE,SHERMAN AVENUE,ADDRESS,NEW YORK,SICKLES STREET,,Closed,,The Police Department responded to the complaint and determined that police action was not necessary.,1/31/25 1:21,12 MANHATTAN,10,Precinct 34,1021740145,MANHATTAN,"1,004,247","253,063",PHONE,Unspecified,MANHATTAN,,,,,,,,40.86125156,-73.92770691,POINT (-73.92770691106 40.861251559972)
63950507,1/31/25 0:12,2/3/25 18:58,HPD,Department of Housing Preservation and Development,HEAT/HOT WATER,ENTIRE BUILDING,NO HEAT AND NO HOT WATER,RESIDENTIAL BUILDING,10032,530 WEST  159 STREET,WEST  159 STREET,,,,,ADDRESS,NEW YORK,,,Closed,,"The Department of Housing Preservation and Development was not able to gain access to your apartment or others in the building to inspect for a lack of heat or hot water. The complaint has been closed. If the condition still exists, please file a new complaint.",2/3/25 0:00,12 MANHATTAN,10,Precinct 33,1021170021,MANHATTAN,"1,000,280","243,315",PHONE,Unspecified,MANHATTAN,,,,,,,,40.83450428,-73.9420717,POINT (-73.942071696705 40.83450427504)
63934152,1/31/25 0:12,1/31/25 18:39,NYPD,New York City Police Department,Illegal Parking,Blocked Hydrant,,Street/Sidewalk,11356,22-28 126 STREET,126 STREET,22 AVENUE,23 AVENUE,22 AVENUE,23 AVENUE,ADDRESS,COLLEGE POINT,126 STREET,,Closed,,The Police Department responded to the complaint and determined that police action was not necessary.,1/31/25 18:39,07 QUEENS,19,Precinct 109,4042010032,QUEENS,"1,027,886","223,350",MOBILE,Unspecified,QUEENS,,,,,,,,40.7796127,-73.84244062,POINT (-73.842440621206 40.779612700563)
63943091,1/31/25 0:12,2/1/25 16:35,HPD,Department of Housing Preservation and Development,HEAT/HOT WATER,ENTIRE BUILDING,NO HEAT,RESIDENTIAL BUILDING,10474,754 MANIDA STREET,MANIDA STREET,,,,,ADDRESS,BRONX,,,Closed,,"The Department of Housing Preservation and Development was not able to gain access to your apartment or others in the building to inspect for a lack of heat or hot water. The complaint has been closed. If the condition still exists, please file a new complaint.",2/1/25 0:00,02 BRONX,17,Precinct 41,2027630136,BRONX,"1,015,056","236,482",ONLINE,Unspecified,BRONX,,,,,,,,40.81571047,-73.88870644,POINT (-73.888706443488 40.815710466988)
63936898,1/31/25 0:12,1/31/25 2:39,NYPD,New York City Police Department,Illegal Parking,Blocked Hydrant,,Street/Sidewalk,11434,134-15 166 PLACE,166 PLACE,137 AVENUE,BEND,137 AVENUE,BEND,ADDRESS,JAMAICA,166 PLACE,,Closed,,The Police Department responded to the complaint and with the information available observed no evidence of the violation at that time.,1/31/25 2:39,12 QUEENS,28,Precinct 113,4124950002,QUEENS,"1,047,023","184,418",PHONE,Unspecified,QUEENS,,,,,,,,40.672639,-73.77370481,POINT (-73.773704809376 40.67263900453)
63937577,1/31/25 0:12,1/31/25 0:58,NYPD,New York City Police Department,Non-Emergency Police Matter,Trespassing,,Residential Building/House,10030,2400 7 AVENUE,7 AVENUE,WEST  140 STREET,WEST  141 STREET,WEST  140 STREET,WEST  141 STREET,ADDRESS,NEW YORK,7 AVENUE,,Closed,,The Police Department responded to the complaint and with the information available observed no evidence of the violation at that time.,1/31/25 0:58,10 MANHATTAN,9,Precinct 32,1020260029,MANHATTAN,"1,000,482","237,497",ONLINE,Unspecified,MANHATTAN,,,,,,,,40.81853516,-73.9413558,POINT (-73.941355796357 40.81853515725)
63946770,1/31/25 0:11,1/31/25 14:25,HPD,Department of Housing Preservation and Development,HEAT/HOT WATER,ENTIRE BUILDING,NO HEAT,RESIDENTIAL BUILDING,10463,3045 GODWIN TERRACE,GODWIN TERRACE,,,,,ADDRESS,BRONX,,,Closed,,"The Department of Housing Preservation and Development contacted a tenant in the building and verified that the following conditions were corrected. The complaint has been closed. If the condition still exists, please file a new complaint.",1/31/25 0:00,08 BRONX,11,Precinct 50,2057030197,BRONX,"1,010,169","259,447",MOBILE,Unspecified,BRONX,,,,,,,,40.87875828,-73.90627304,POINT (-73.906273036096 40.87875827838)
63939418,1/31/25 0:11,1/31/25 2:55,NYPD,New York City Police Department,Noise - Residential,Loud Talking,,Residential Building/House,10458,2965 BRIGGS AVENUE,BRIGGS AVENUE,BEDFORD PARK BOULEVARD,EAST  201 STREET,BEDFORD PARK BOULEVARD,EAST  201 STREET,ADDRESS,BRONX,BRIGGS AVENUE,,Closed,,The Police Department responded to the complaint and with the information available observed no evidence of the violation at that time.,1/31/25 2:55,07 BRONX,11,Precinct 52,2033030034,BRONX,"1,015,883","256,704",ONLINE,Unspecified,BRONX,,,,,,,,40.87121096,-73.88562333,POINT (-73.885623333989 40.871210964504)
63936544,1/31/25 0:11,1/31/25 0:23,NYPD,New York City Police Department,Noise - Residential,Banging/Pounding,,Residential Building/House,10029,1875 3 AVENUE,3 AVENUE,PEDESTRIAN PATH,EAST  104 STREET,PEDESTRIAN PATH,EAST  104 STREET,ADDRESS,NEW YORK,3 AVENUE,,Closed,,The Police Department responded to the complaint and with the information available observed no evidence of the violation at that time.,1/31/25 0:23,11 MANHATTAN,8,Precinct 23,1016520001,MANHATTAN,"999,207","227,011",PHONE,Unspecified,MANHATTAN,,,,,,,,40.78975623,-73.94598557,POINT (-73.945985572578 40.789756226114)
63934287,1/31/25 0:11,1/31/25 4:05,NYPD,New York City Police Department,Illegal Parking,Blocked Hydrant,,Street/Sidewalk,10471,501 WEST  256 STREET,WEST  256 STREET,RIVERDALE AVENUE,NETHERLAND AVENUE,RIVERDALE AVENUE,NETHERLAND AVENUE,ADDRESS,BRONX,WEST  256 STREET,,Closed,,The Police Department issued a summons in response to the complaint.,1/31/25 4:05,08 BRONX,11,Precinct 50,2059530545,BRONX,"1,010,460","268,708",ONLINE,Unspecified,BRONX,,,,,,,,40.90417592,-73.90518449,POINT (-73.905184488826 40.904175918856)
63938910,1/31/25 0:10,1/31/25 1:40,NYPD,New York City Police Department,Blocked Driveway,No Access,,Street/Sidewalk,11385,61-50 CENTRAL AVENUE,CENTRAL AVENUE,MYRTLE AVENUE,64 STREET,MYRTLE AVENUE,64 STREET,ADDRESS,RIDGEWOOD,CENTRAL AVENUE,,Closed,,The Police Department issued a summons in response to the complaint.,1/31/25 1:40,05 QUEENS,30,Precinct 104,4036380052,QUEENS,"1,013,823","194,821",MOBILE,Unspecified,QUEENS,,,,,,,,40.70136599,-73.89334418,POINT (-73.893344182982 40.701365992808)
63940698,1/31/25 0:10,1/31/25 1:04,NYPD,New York City Police Department,Abandoned Vehicle,With License Plate,,Street/Sidewalk,11374,89-52 COOPER AVENUE,COOPER AVENUE,METROPOLITAN AVENUE,WOODHAVEN BOULEVARD,METROPOLITAN AVENUE,WOODHAVEN BOULEVARD,ADDRESS,REGO PARK,COOPER AVENUE,,Closed,,The Police Department responded to the complaint and took action to fix the condition.,1/31/25 1:04,05 QUEENS,32,Precinct 104,,QUEENS,"1,022,618","198,862",PHONE,Unspecified,QUEENS,Car,,,,,,,40.71242381,-73.8616018,POINT (-73.861601800556 40.712423806767)
63938929,1/31/25 0:10,1/31/25 1:48,NYPD,New York City Police Department,Blocked Driveway,No Access,,Street/Sidewalk,11226,2408 CORTELYOU ROAD,CORTELYOU ROAD,BEDFORD AVENUE,LOTT STREET,BEDFORD AVENUE,LOTT STREET,ADDRESS,BROOKLYN,CORTELYOU ROAD,,Closed,,The Police Department issued a summons in response to the complaint.,1/31/25 1:48,17 BROOKLYN,40,Precinct 67,3051680058,BROOKLYN,"996,921","173,980",ONLINE,Unspecified,BROOKLYN,,,,,,,,40.64420248,-73.95434086,POINT (-73.954340858764 40.644202478584)
63935131,1/31/25 0:10,1/31/25 1:01,NYPD,New York City Police Department,Noise - Commercial,Loud Music/Party,,Club/Bar/Restaurant,11372,35-64 95 STREET,95 STREET,35 AVENUE,37 AVENUE,35 AVENUE,37 AVENUE,ADDRESS,JACKSON HEIGHTS,95 STREET,,Closed,,The Police Department responded to the complaint and took action to fix the condition.,1/31/25 1:01,03 QUEENS,21,Precinct 115,4014680036,QUEENS,"1,019,560","213,547",PHONE,Unspecified,QUEENS,,,,,,,,40.75274321,-73.87255531,POINT (-73.872555308145 40.752743214521)
63935225,1/31/25 0:09,1/31/25 0:42,NYPD,New York City Police Department,Noise - Street/Sidewalk,Loud Music/Party,,Street/Sidewalk,10040,70 ARDEN STREET,ARDEN STREET,SHERMAN AVENUE,DONGAN PLACE,SHERMAN AVENUE,DONGAN PLACE,ADDRESS,NEW YORK,ARDEN STREET,,Closed,,The Police Department responded to the complaint and determined that police action was not necessary.,1/31/25 0:42,12 MANHATTAN,10,Precinct 34,1021750092,MANHATTAN,"1,004,197","253,734",MOBILE,Unspecified,MANHATTAN,,,,,,,,40.86309336,-73.92788567,POINT (-73.92788567378 40.863093364993)
63935084,1/31/25 0:09,1/31/25 0:21,NYPD,New York City Police Department,Noise - Residential,Banging/Pounding,,Residential Building/House,10029,50 EAST  102 STREET,EAST  102 STREET,MADISON AVENUE,PARK AVENUE,MADISON AVENUE,PARK AVENUE,ADDRESS,NEW YORK,EAST  102 STREET,,Closed,,The Police Department responded to the complaint and with the information available observed no evidence of the violation at that time.,1/31/25 0:21,11 MANHATTAN,8,Precinct 23,1016050024,MANHATTAN,"997,725","227,472",ONLINE,Unspecified,MANHATTAN,,,,,,,,40.79102393,-73.95133661,POINT (-73.951336614289 40.79102393092)
63933044,1/31/25 0:09,1/31/25 2:04,NYPD,New York City Police Department,Noise - Residential,Loud Music/Party,,Residential Building/House,10031,1772 AMSTERDAM AVENUE,AMSTERDAM AVENUE,WEST  147 STREET,WEST  148 STREET,WEST  147 STREET,WEST  148 STREET,ADDRESS,NEW YORK,AMSTERDAM AVENUE,,Closed,,The Police Department responded to the complaint and determined that police action was not necessary.,1/31/25 2:04,09 MANHATTAN,7,Precinct 30,1020790034,MANHATTAN,"999,091","240,556",ONLINE,Unspecified,MANHATTAN,,,,,,,,40.82693369,-73.94637454,POINT (-73.946374539888 40.826933690921)
63937140,1/31/25 0:09,1/31/25 1:16,NYPD,New York City Police Department,Illegal Parking,Blocked Hydrant,,Street/Sidewalk,11368,112-01 38 AVENUE,38 AVENUE,112 STREET,114 STREET,112 STREET,114 STREET,ADDRESS,CORONA,38 AVENUE,,Closed,,The Police Department issued a summons in response to the complaint.,1/31/25 1:16,03 QUEENS,21,Precinct 115,4017820053,QUEENS,"1,024,398","213,891",ONLINE,Unspecified,QUEENS,,,,,,,,40.75366676,-73.85509145,POINT (-73.855091448435 40.753666762805)
63935680,1/31/25 0:09,1/31/25 2:12,NYPD,New York City Police Department,Noise - Residential,Loud Music/Party,,Residential Building/House,11379,65-48 79 PLACE,79 PLACE,FURMANVILLE AVENUE,JUNIPER VALLEY ROAD,FURMANVILLE AVENUE,JUNIPER VALLEY ROAD,ADDRESS,MIDDLE VILLAGE,79 PLACE,,Closed,,The Police Department responded to the complaint and with the information available observed no evidence of the violation at that time.,1/31/25 2:12,05 QUEENS,30,Precinct 104,4030410036,QUEENS,"1,019,394","200,460",ONLINE,Unspecified,QUEENS,,,,,,,,40.71682332,-73.87322281,POINT (-73.873222814528 40.716823324034)
63931898,1/31/25 0:08,1/31/25 1:10,NYPD,New York City Police Department,Illegal Parking,Double Parked Blocking Vehicle,,Street/Sidewalk,10458,2384 HUGHES AVENUE,HUGHES AVENUE,EAST  186 STREET,EAST  187 STREET,EAST  186 STREET,EAST  187 STREET,ADDRESS,BRONX,HUGHES AVENUE,,Closed,,The Police Department responded to the complaint and with the information available observed no evidence of the violation at that time.,1/31/25 1:10,06 BRONX,15,Precinct 48,2030740021,BRONX,"1,015,473","250,753",PHONE,Unspecified,BRONX,Car,,,,,,,40.85487874,-73.88713351,POINT (-73.887133509604 40.854878741175)
63935182,1/31/25 0:08,1/31/25 0:40,NYPD,New York City Police Department,Noise - Residential,Loud Music/Party,,Residential Building/House,11385,77-06 85 STREET,85 STREET,77 AVENUE,78 AVENUE,77 AVENUE,78 AVENUE,ADDRESS,RIDGEWOOD,85 STREET,,Closed,,The Police Department responded to the complaint and took action to fix the condition.,1/31/25 0:40,05 QUEENS,32,Precinct 104,4038400008,QUEENS,"1,021,886","196,702",PHONE,Unspecified,QUEENS,,,,,,,,40.70649827,-73.86425429,POINT (-73.86425428629 40.706498269973)
63939697,1/31/25 0:08,1/31/25 0:21,NYPD,New York City Police Department,Illegal Parking,Blocked Sidewalk,,Street/Sidewalk,11693,92-02 ROCKAWAY FREEWAY,ROCKAWAY FREEWAY,BEACH   92 STREET,BEACH   94 STREET,BEACH   92 STREET,BEACH   94 STREET,ADDRESS,FAR ROCKAWAY,ROCKAWAY FREEWAY,,Closed,,The Police Department responded to the complaint and took action to fix the condition.,1/31/25 0:21,14 QUEENS,32,Precinct 100,4161260081,QUEENS,"1,035,323","153,216",MOBILE,Unspecified,QUEENS,,,,,,,,40.58707153,-73.81611902,POINT (-73.81611901516 40.587071526254)
63940356,1/31/25 0:08,1/31/25 1:22,NYPD,New York City Police Department,Noise - Vehicle,Car/Truck Music,,Street/Sidewalk,10011,333 WEST   17 STREET,WEST   17 STREET,8 AVENUE,9 AVENUE,8 AVENUE,9 AVENUE,ADDRESS,NEW YORK,WEST   17 STREET,,Closed,,The Police Department responded to the complaint and with the information available observed no evidence of the violation at that time.,1/31/25 1:22,04 MANHATTAN,3,Precinct 10,1007410010,MANHATTAN,"983,641","209,654",MOBILE,Unspecified,MANHATTAN,Car,,,,,,,40.74212839,-74.00219772,POINT (-74.002197718052 40.742128388982)
63935657,1/31/25 0:08,1/31/25 4:02,NYPD,New York City Police Department,Illegal Parking,Blocked Hydrant,,Street/Sidewalk,10471,5545 NETHERLAND AVENUE,NETHERLAND AVENUE,BEND,WEST  256 STREET,BEND,WEST  256 STREET,ADDRESS,BRONX,NETHERLAND AVENUE,,Closed,,The Police Department issued a summons in response to the complaint.,1/31/25 4:02,08 BRONX,11,Precinct 50,2059500430,BRONX,"1,010,121","268,548",ONLINE,Unspecified,BRONX,,,,,,,,40.90373777,-73.90641145,POINT (-73.906411449595 40.903737771365)
63945258,1/31/25 0:08,2/4/25 10:36,DEP,Department of Environmental Protection,Water System,Leak (Use Comments) (WA2),WA2,,10301,142 BERTHA PLACE,BERTHA PLACE,BEND,DEAD END,,,ADDRESS,STATEN ISLAND,,,Closed,,The Department of Environmental Protection determined that this complaint is a duplicate of a previously filed complaint. The original complaint is being addressed.,2/4/25 10:36,01 STATEN ISLAND,49,Precinct 120,5005930175,STATEN ISLAND,"958,631","166,133",PHONE,Unspecified,STATEN ISLAND,,,,,,,,40.62263615,-74.09228662,POINT (-74.092286618641 40.622636150431)
63939058,1/31/25 0:07,1/31/25 0:48,NYPD,New York City Police Department,Noise - Residential,Banging/Pounding,,Residential Building/House,11221,1085 WILLOUGHBY AVENUE,WILLOUGHBY AVENUE,CENTRAL AVENUE,WILSON AVENUE,CENTRAL AVENUE,WILSON AVENUE,ADDRESS,BROOKLYN,WILLOUGHBY AVENUE,,Closed,,The Police Department responded to the complaint and took action to fix the condition.,1/31/25 0:48,04 BROOKLYN,34,Precinct 83,3031960038,BROOKLYN,"1,004,624","194,489",ONLINE,Unspecified,BROOKLYN,,,,,,,,40.70048069,-73.92652161,POINT (-73.926521608303 40.700480691977)
63936304,1/31/25 0:07,1/31/25 1:06,NYPD,New York City Police Department,Blocked Driveway,Partial Access,,Street/Sidewalk,11420,132-51 109 AVENUE,109 AVENUE,132 STREET,133 STREET,132 STREET,133 STREET,ADDRESS,SOUTH OZONE PARK,109 AVENUE,,Closed,,The Police Department responded and upon arrival those responsible for the condition were gone.,1/31/25 1:06,10 QUEENS,28,Precinct 106,,QUEENS,"1,036,597","189,206",PHONE,Unspecified,QUEENS,,,,,,,,40.68584874,-73.81125297,POINT (-73.811252974935 40.685848737938)
63940345,1/31/25 0:07,1/31/25 0:29,NYPD,New York City Police Department,Noise - Residential,Banging/Pounding,,Residential Building/House,10035,1988 MADISON AVENUE,MADISON AVENUE,EAST  126 STREET,EAST  127 STREET,EAST  126 STREET,EAST  127 STREET,ADDRESS,NEW YORK,MADISON AVENUE,,Closed,,The Police Department responded to the complaint but officers were unable to gain entry into the premises.,1/31/25 0:29,11 MANHATTAN,9,Precinct 25,1017510057,MANHATTAN,"1,000,907","233,248",PHONE,Unspecified,MANHATTAN,,,,,,,,40.80687205,-73.93983087,POINT (-73.939830868953 40.806872047854)
63939011,1/31/25 0:07,1/31/25 1:16,NYPD,New York City Police Department,Noise - Residential,Loud Music/Party,,Residential Building/House,11426,91-18 246 STREET,246 STREET,91 AVENUE,JERICHO TURNPIKE,91 AVENUE,JERICHO TURNPIKE,ADDRESS,BELLEROSE,246 STREET,,Closed,,The Police Department responded to the complaint and with the information available observed no evidence of the violation at that time.,1/31/25 1:16,13 QUEENS,23,Precinct 105,4086590035,QUEENS,"1,061,182","203,829",MOBILE,Unspecified,QUEENS,,,,,,,,40.72580568,-73.72244053,POINT (-73.722440531941 40.725805679834)
63935672,1/31/25 0:07,1/31/25 4:28,NYPD,New York City Police Department,Illegal Parking,Blocked Hydrant,,Street/Sidewalk,10021,233 EAST   72 STREET,EAST   72 STREET,3 AVENUE,2 AVENUE,3 AVENUE,2 AVENUE,ADDRESS,NEW YORK,EAST   72 STREET,,Closed,,The Police Department issued a summons in response to the complaint.,1/31/25 4:28,08 MANHATTAN,5,Precinct 19,1014270015,MANHATTAN,"995,399","219,591",ONLINE,Unspecified,MANHATTAN,,,,,,,,40.76939591,-73.95974977,POINT (-73.959749767549 40.769395914204)
63939716,1/31/25 0:07,1/31/25 1:37,NYPD,New York City Police Department,Illegal Parking,Blocked Hydrant,,Street/Sidewalk,11374,99-49 66 ROAD,66 ROAD,99 STREET,102 STREET,99 STREET,102 STREET,ADDRESS,REGO PARK,66 ROAD,,Closed,,The Police Department responded and upon arrival those responsible for the condition were gone.,1/31/25 1:37,06 QUEENS,29,Precinct 112,4021170001,QUEENS,"1,024,699","204,459",MOBILE,Unspecified,QUEENS,,,,,,,,40.72777693,-73.85406175,POINT (-73.8540617502 40.727776932903)
63938856,1/31/25 0:06,1/31/25 0:25,DSNY,Department of Sanitation,Vendor Enforcement,Food Vendor,In Prohibited Area,Street,11208,3337 FULTON STREET,FULTON STREET,JAMAICA LINE,CRESCENT STREET,JAMAICA LINE,CRESCENT STREET,ADDRESS,BROOKLYN,FULTON STREET,,Closed,,N/A,1/31/25 0:25,05 BROOKLYN,37,Precinct 75,3041300063,BROOKLYN,"1,019,622","188,349",PHONE,Unspecified,BROOKLYN,,,,,,,,40.68358059,-73.87246394,POINT (-73.872463944862 40.683580586954)
63936432,1/31/25 0:06,1/31/25 0:48,NYPD,New York City Police Department,Noise - Commercial,Loud Music/Party,,Club/Bar/Restaurant,11419,109-08 LIBERTY AVENUE,LIBERTY AVENUE,109 STREET,110 STREET,109 STREET,110 STREET,ADDRESS,SOUTH RICHMOND HILL,LIBERTY AVENUE,,Closed,,The Police Department responded to the complaint and took action to fix the condition.,1/31/25 0:48,10 QUEENS,28,Precinct 106,4095320004,QUEENS,"1,030,670","188,574",PHONE,Unspecified,QUEENS,,,,,,,,40.68414711,-73.83262819,POINT (-73.832628194988 40.684147114479)
63931542,1/31/25 0:06,1/31/25 2:31,NYPD,New York City Police Department,Illegal Parking,Blocked Hydrant,,Street/Sidewalk,11235,2702 EAST   28 STREET,EAST   28 STREET,VOORHIES AVENUE,SHORE PARKWAY,VOORHIES AVENUE,SHORE PARKWAY,ADDRESS,BROOKLYN,EAST   28 STREET,,Closed,,The Police Department issued a summons in response to the complaint.,1/31/25 2:32,15 BROOKLYN,48,Precinct 61,3087870009,BROOKLYN,"1,000,555","153,089",MOBILE,Unspecified,BROOKLYN,,,,,,,,40.58685508,-73.94129642,POINT (-73.941296423496 40.586855076492)
63944326,1/31/25 0:05,2/1/25 18:36,HPD,Department of Housing Preservation and Development,HEAT/HOT WATER,ENTIRE BUILDING,NO HEAT,RESIDENTIAL BUILDING,10463,500 WEST  235 STREET,WEST  235 STREET,,,,,ADDRESS,BRONX,,,Closed,,HPD responded to a complaint of no heat or hot water in the building. An occupant of the building confirmed heat and hot water had been restored when the Inspector attempted to conduct the inspection or contacted you at the phone number associated with the complaint. The complaint has been closed. Please submit a new service request with 311 if the condition still exists.,2/1/25 0:00,08 BRONX,11,Precinct 50,2057840340,BRONX,"1,009,830","261,790",PHONE,Unspecified,BRONX,,,,,,,,40.88519007,-73.90748996,POINT (-73.907489961849 40.885190068847)
63949169,1/31/25 0:05,2/2/25 16:31,HPD,Department of Housing Preservation and Development,HEAT/HOT WATER,APARTMENT ONLY,NO HEAT,RESIDENTIAL BUILDING,11216,390 HANCOCK STREET,HANCOCK STREET,,,,,ADDRESS,BROOKLYN,,,Closed,,HPD conducted an inspection of this complaint. The conditions observed by the inspector did not violate the housing laws enforced by HPD. The complaint has been closed.,2/2/25 0:00,03 BROOKLYN,36,Precinct 79,3018410013,BROOKLYN,"1,000,903","188,367",ONLINE,Unspecified,BROOKLYN,,,,,,,,40.683685,-73.93995644,POINT (-73.939956443859 40.683685004406)
63946660,1/31/25 0:05,2/7/25 6:23,HPD,Department of Housing Preservation and Development,GENERAL,COOKING GAS,SHUT-OFF,RESIDENTIAL BUILDING,11216,390 HANCOCK STREET,HANCOCK STREET,,,,,ADDRESS,BROOKLYN,,,Closed,,"This complaint is a duplicate of a building-wide condition already reported by another tenant.  The original complaint is still open, and HPD may only need to confirm that the condition exists by inspecting one apartment.  If we cannot contact the tenant from the original complaint or get access to that apartment, HPD may attempt to contact the person who filed this complaint to verify the correction of the condition or may conduct an inspection of your unit. You can check HPDONLINE to see if a",2/7/25 0:00,03 BROOKLYN,36,Precinct 79,3018410013,BROOKLYN,"1,000,903","188,367",ONLINE,Unspecified,BROOKLYN,,,,,,,,40.683685,-73.93995644,POINT (-73.939956443859 40.683685004406)
63940942,1/31/25 0:05,1/31/25 0:51,NYPD,New York City Police Department,Illegal Parking,Blocked Hydrant,,Street/Sidewalk,11231,25 2 PLACE,2 PLACE,HENRY STREET,CLINTON STREET,HENRY STREET,CLINTON STREET,ADDRESS,BROOKLYN,2 PLACE,,Closed,,The Police Department responded to the complaint and took action to fix the condition.,1/31/25 0:51,06 BROOKLYN,39,Precinct 76,3003600042,BROOKLYN,"984,213","187,129",ONLINE,Unspecified,BROOKLYN,,,,,,,,40.68030264,-74.0001334,POINT (-74.000133399311 40.680302641455)
63936351,1/31/25 0:05,1/31/25 0:58,NYPD,New York City Police Department,Non-Emergency Police Matter,Trespassing,,Residential Building/House,10030,2394 7 AVENUE,7 AVENUE,WEST  139 STREET,WEST  140 STREET,WEST  139 STREET,WEST  140 STREET,ADDRESS,NEW YORK,7 AVENUE,,Closed,,The Police Department responded to the complaint and with the information available observed no evidence of the violation at that time.,1/31/25 0:58,10 MANHATTAN,9,Precinct 32,1020250034,MANHATTAN,"1,000,439","237,420",ONLINE,Unspecified,MANHATTAN,,,,,,,,40.81832389,-73.94151134,POINT (-73.941511335728 40.818323892861)
63941405,1/31/25 0:05,1/31/25 17:56,DEP,Department of Environmental Protection,Noise,Noise: Construction Before/After Hours (NM1),NM1,,10033,4260 BROADWAY,BROADWAY,W 181 ST,W 182 ST,,,ADDRESS,NEW YORK,,N/A,Closed,,The Department of Environmental Protection determined that this complaint is a duplicate of a previously filed complaint. The original complaint is being addressed.,1/31/25 17:56,12 MANHATTAN,10,Precinct 34,1021647501,MANHATTAN,"1,002,047","249,070",ONLINE,Unspecified,MANHATTAN,,,,,,,,40.85029668,-73.93567094,POINT (-73.93567094185 40.850296679687)
63947610,1/31/25 0:05,1/31/25 12:57,DEP,Department of Environmental Protection,Lead,Lead Kit Request (Residential) (L10),L10,,10002,137 RIVINGTON STREET,RIVINGTON STREET,NORFOLK ST,SUFFOLK ST,,,ADDRESS,NEW YORK,,N/A,Closed,,The Department of Environmental Protection (DEP) mailed you the free lead test kit you requested. The kit includes instructions for collecting a water sample and contact information for DEP's Lead Program Unit if you have any questions. Please use the included pre-paid label to mail the sample to the lab for analysis. It may take the lab up to 30 days to complete their analysis and mail you the test results. This Service Request is closed and no further status will be available from 311.,1/31/25 12:57,03 MANHATTAN,1,Precinct 7,1003530060,MANHATTAN,"988,027","201,399",ONLINE,Unspecified,MANHATTAN,,,,,,,,40.71946965,-73.98637445,POINT (-73.986374451486 40.719469650571)
63935524,1/31/25 0:04,1/31/25 2:17,NYPD,New York City Police Department,Illegal Parking,Posted Parking Sign Violation,,Street/Sidewalk,10463,104 TERRACE VIEW AVENUE,TERRACE VIEW AVENUE,ADRIAN AVENUE,TEUNISSEN PLACE,ADRIAN AVENUE,TEUNISSEN PLACE,ADDRESS,BRONX,TERRACE VIEW AVENUE,,Closed,,The Police Department issued a summons in response to the complaint.,1/31/25 2:17,08 BRONX,10,Precinct 50,1022150237,BRONX,"1,008,426","258,732",PHONE,Unspecified,BRONX,,,,,,,,40.87680077,-73.91257856,POINT (-73.912578559687 40.876800772266)
63940328,1/31/25 0:04,1/31/25 1:47,NYPD,New York City Police Department,Noise - Residential,Loud Music/Party,,Residential Building/House,11226,2921 TILDEN AVENUE,TILDEN AVENUE,EAST   29 STREET,NOSTRAND AVENUE,EAST   29 STREET,NOSTRAND AVENUE,ADDRESS,BROOKLYN,TILDEN AVENUE,,Closed,,The Police Department responded to the complaint but officers were unable to gain entry into the premises.,1/31/25 1:47,17 BROOKLYN,40,Precinct 67,3051310019,BROOKLYN,"998,234","174,955",ONLINE,Unspecified,BROOKLYN,,,,,,,,40.64687667,-73.94960753,POINT (-73.949607526768 40.646876666981)
63933818,1/31/25 0:04,1/31/25 0:14,NYPD,New York City Police Department,Noise - Street/Sidewalk,Loud Talking,,Street/Sidewalk,10026,143 WEST  116 STREET,WEST  116 STREET,LENOX AVENUE,ADAM CLAYTON POWELL JR BOULEVARD,LENOX AVENUE,ADAM CLAYTON POWELL JR BOULEVARD,ADDRESS,NEW YORK,WEST  116 STREET,,Closed,,The Police Department responded to the complaint and took action to fix the condition.,1/31/25 0:15,10 MANHATTAN,9,Precinct 28,1019010009,MANHATTAN,"997,830","231,677",PHONE,Unspecified,MANHATTAN,,,,,,,,40.80256535,-73.95094892,POINT (-73.950948915654 40.802565351023)
63935094,1/31/25 0:03,1/31/25 0:24,NYPD,New York City Police Department,Noise - Residential,Loud Music/Party,,Residential Building/House,11206,361 STOCKTON STREET,STOCKTON STREET,LEWIS AVENUE,BROADWAY,LEWIS AVENUE,BROADWAY,ADDRESS,BROOKLYN,STOCKTON STREET,,Closed,,The Police Department responded to the complaint and took action to fix the condition.,1/31/25 0:24,03 BROOKLYN,36,Precinct 81,3015820015,BROOKLYN,"1,001,683","193,413",MOBILE,Unspecified,BROOKLYN,,,,,,,,40.69753361,-73.93713104,POINT (-73.937131042544 40.697533606338)
63935671,1/31/25 0:02,1/31/25 10:30,NYPD,New York City Police Department,Illegal Parking,Blocked Hydrant,,Street/Sidewalk,10034,252 SHERMAN AVENUE,SHERMAN AVENUE,WEST  207 STREET,ISHAM STREET,WEST  207 STREET,ISHAM STREET,ADDRESS,NEW YORK,SHERMAN AVENUE,,Closed,,The Police Department responded to the complaint and determined that police action was not necessary.,1/31/25 10:30,12 MANHATTAN,10,Precinct 34,1022270021,MANHATTAN,"1,006,634","254,849",MOBILE,Unspecified,MANHATTAN,,,,,,,,40.86614786,-73.91907148,POINT (-73.919071475929 40.866147857958)
63936444,1/31/25 0:02,1/31/25 0:39,NYPD,New York City Police Department,Noise - Commercial,Loud Music/Party,,Club/Bar/Restaurant,11238,857 ATLANTIC AVENUE,ATLANTIC AVENUE,WAVERLY AVENUE,UNDERHILL AVENUE,WAVERLY AVENUE,UNDERHILL AVENUE,ADDRESS,BROOKLYN,ATLANTIC AVENUE,,Closed,,The Police Department responded to the complaint and took action to fix the condition.,1/31/25 0:39,02 BROOKLYN,35,Precinct 88,3020120067,BROOKLYN,"993,939","187,480",ONLINE,Unspecified,BROOKLYN,,,,,,,,40.68126075,-73.9650669,POINT (-73.965066904666 40.681260754074)
63938230,1/31/25 0:02,1/31/25 1:59,NYPD,New York City Police Department,Illegal Parking,Posted Parking Sign Violation,,Street/Sidewalk,10312,33 ARDEN AVENUE,ARDEN AVENUE,ARTHUR KILL ROAD,DOVER GREEN,ARTHUR KILL ROAD,DOVER GREEN,ADDRESS,STATEN ISLAND,ARDEN AVENUE,,Closed,,The Police Department responded and upon arrival those responsible for the condition were gone.,1/31/25 1:59,03 STATEN ISLAND,51,Precinct 123,5058030020,STATEN ISLAND,"929,477","142,753",ONLINE,Unspecified,STATEN ISLAND,,,,,,,,40.55833062,-74.19711749,POINT (-74.197117490036 40.558330619968)
63941945,1/31/25 0:02,1/31/25 13:51,HPD,Department of Housing Preservation and Development,HEAT/HOT WATER,APARTMENT ONLY,NO HEAT,RESIDENTIAL BUILDING,11213,400 HERKIMER STREET,HERKIMER STREET,,,,,ADDRESS,BROOKLYN,,,Closed,,HPD called the telephone number on file for this complaint.  Someone at that number indicated that the condition was corrected. The complaint has been closed. Please submit a new service request with 311 if the condition still exists.,1/31/25 0:00,03 BROOKLYN,36,Precinct 79,3018710018,BROOKLYN,"1,000,876","186,700",ONLINE,Unspecified,BROOKLYN,,,,,,,,40.67910952,-73.94005791,POINT (-73.940057907143 40.679109520086)
63932769,1/31/25 0:02,1/31/25 2:51,NYPD,New York City Police Department,Blocked Driveway,No Access,,Street/Sidewalk,11416,101-20 92 STREET,92 STREET,101 AVENUE,103 AVENUE,101 AVENUE,103 AVENUE,ADDRESS,OZONE PARK,92 STREET,,Closed,,The Police Department responded to the complaint and determined that police action was not necessary.,1/31/25 2:51,09 QUEENS,32,Precinct 102,4090980013,QUEENS,"1,026,298","188,229",PHONE,Unspecified,QUEENS,,,,,,,,40.68322202,-73.84839398,POINT (-73.848393984119 40.683222018453)
63935585,1/31/25 0:02,1/31/25 2:16,NYPD,New York City Police Department,Blocked Driveway,No Access,,Street/Sidewalk,11208,386 LINCOLN AVENUE,LINCOLN AVENUE,BEND,MC KINLEY AVENUE,BEND,MC KINLEY AVENUE,ADDRESS,BROOKLYN,LINCOLN AVENUE,,Closed,,The Police Department issued a summons in response to the complaint.,1/31/25 2:16,05 BROOKLYN,37,Precinct 75,3041720065,BROOKLYN,"1,020,708","187,348",MOBILE,Unspecified,BROOKLYN,,,,,,,,40.68082867,-73.86855372,POINT (-73.868553722587 40.680828666301)
63936975,1/31/25 0:02,1/31/25 19:06,NYPD,New York City Police Department,Illegal Parking,Blocked Hydrant,,Street/Sidewalk,10467,610 WARING AVENUE,WARING AVENUE,BRONX PARK EAST,BARKER AVENUE,BRONX PARK EAST,BARKER AVENUE,ADDRESS,BRONX,WARING AVENUE,,Closed,,The Police Department responded and upon arrival those responsible for the condition were gone.,1/31/25 19:06,11 BRONX,15,Precinct 49,2043407501,BRONX,"1,020,142","253,132",ONLINE,Unspecified,BRONX,,,,,,,,40.86139063,-73.87024306,POINT (-73.870243055032 40.861390629503)
63943844,1/31/25 0:02,2/3/25 21:00,DEP,Department of Environmental Protection,Noise,Noise: Construction Before/After Hours (NM1),NM1,,10034,520 WEST  218 STREET,WEST  218 STREET,PARK TER E,PARK TER W,,,ADDRESS,NEW YORK,,N/A,Closed,,"The Department of Environmental Protection (DEP) didn't observe a violation of the NYC Air or Noise Code at the time of inspection and couldn't issue a summons.  If the problem still exists, please go to nyc.gov/311 or call 311 to file a new Service Request. If you're outside of New York City, please call (212) NEW-YORK (212-639-9675).",2/3/25 21:00,12 MANHATTAN,10,Precinct 34,1022430283,MANHATTAN,"1,007,650","256,885",ONLINE,Unspecified,MANHATTAN,,,,,,,,40.87173342,-73.91539106,POINT (-73.915391057778 40.871733419454)
63939543,1/31/25 0:01,1/31/25 10:30,NYPD,New York City Police Department,Illegal Parking,Double Parked Blocking Traffic,,Street/Sidewalk,10034,252 SHERMAN AVENUE,SHERMAN AVENUE,WEST  207 STREET,ISHAM STREET,WEST  207 STREET,ISHAM STREET,ADDRESS,NEW YORK,SHERMAN AVENUE,,Closed,,The Police Department responded and upon arrival those responsible for the condition were gone.,1/31/25 10:30,12 MANHATTAN,10,Precinct 34,1022270021,MANHATTAN,"1,006,634","254,849",MOBILE,Unspecified,MANHATTAN,Car,,,,,,,40.86614786,-73.91907148,POINT (-73.919071475929 40.866147857958)
63932453,1/31/25 0:01,1/31/25 1:37,NYPD,New York City Police Department,Noise - Residential,Loud Talking,,Residential Building/House,11102,14-51 29 AVENUE,29 AVENUE,14 STREET,21 STREET,14 STREET,21 STREET,ADDRESS,ASTORIA,29 AVENUE,,Closed,,The Police Department responded and upon arrival those responsible for the condition were gone.,1/31/25 1:37,01 QUEENS,22,Precinct 114,4005380046,QUEENS,"1,003,898","220,306",MOBILE,Unspecified,QUEENS,,,,,,,,40.7713436,-73.92906451,POINT (-73.929064512071 40.77134359794)
63935199,1/31/25 0:01,1/31/25 1:06,NYPD,New York City Police Department,Noise - Street/Sidewalk,Loud Talking,,Street/Sidewalk,10454,517 EAST  144 STREET,EAST  144 STREET,BROOK AVENUE,ST ANNS AVENUE,BROOK AVENUE,ST ANNS AVENUE,ADDRESS,BRONX,EAST  144 STREET,,Closed,,The Police Department responded to the complaint and took action to fix the condition.,1/31/25 1:06,01 BRONX,8,Precinct 40,2022710001,BRONX,"1,007,402","234,942",MOBILE,Unspecified,BRONX,,,,,,,,40.81150697,-73.91636352,POINT (-73.916363520703 40.811506973944)
63938172,1/31/25 0:01,1/31/25 3:05,NYPD,New York City Police Department,Illegal Parking,Blocked Hydrant,,Street/Sidewalk,11209,319 99 STREET,99 STREET,3 AVENUE,4 AVENUE,3 AVENUE,4 AVENUE,ADDRESS,BROOKLYN,99 STREET,,Closed,,The Police Department responded to the complaint and with the information available observed no evidence of the violation at that time.,1/31/25 3:05,10 BROOKLYN,47,Precinct 68,3061300051,BROOKLYN,"974,688","162,993",MOBILE,Unspecified,BROOKLYN,,,,,,,,40.61404938,-74.03444049,POINT (-74.034440493227 40.614049384734)
63936451,1/31/25 0:00,1/31/25 1:07,NYPD,New York City Police Department,Noise - Residential,Banging/Pounding,,Residential Building/House,10301,33 CENTRAL AVENUE,CENTRAL AVENUE,HYATT STREET,SLOSSON TERRACE,HYATT STREET,SLOSSON TERRACE,ADDRESS,STATEN ISLAND,CENTRAL AVENUE,,Closed,,The Police Department responded to the complaint and took action to fix the condition.,1/31/25 1:07,01 STATEN ISLAND,49,Precinct 120,5000050057,STATEN ISLAND,"962,940","172,801",ONLINE,Unspecified,STATEN ISLAND,,,,,,,,40.6409498,-74.07678549,POINT (-74.076785490552 40.640949804981)
63935180,1/31/25 0:00,1/31/25 1:13,NYPD,New York City Police Department,Noise - Residential,Loud Music/Party,,Residential Building/House,10038,10 CATHERINE SLIP,CATHERINE SLIP,CATHERINE STREET,UNNAMED STREET,CATHERINE STREET,UNNAMED STREET,ADDRESS,NEW YORK,CATHERINE SLIP,,Closed,,The Police Department responded to the complaint and determined that police action was not necessary.,1/31/25 1:13,03 MANHATTAN,1,Precinct 5,1001110100,MANHATTAN,"985,241","197,900",ONLINE,Unspecified,MANHATTAN,,,,,,,,40.70986648,-73.99642548,POINT (-73.996425477044 40.709866482366)
63940090,1/31/25 0:00,1/31/25 1:10,NYPD,New York City Police Department,Blocked Driveway,Partial Access,,Street/Sidewalk,11374,64-07 BOOTH STREET,BOOTH STREET,63 DRIVE,64 ROAD,63 DRIVE,64 ROAD,ADDRESS,REGO PARK,BOOTH STREET,,Closed,,The Police Department issued a summons in response to the complaint.,1/31/25 1:10,06 QUEENS,30,Precinct 112,4030830093,QUEENS,"1,022,636","204,547",PHONE,Unspecified,QUEENS,,,,,,,,40.72802766,-73.86150445,POINT (-73.861504450623 40.728027664264)
63940885,1/31/25 0:00,1/31/25 4:15,NYPD,New York City Police Department,Noise - Commercial,Loud Music/Party,,Club/Bar/Restaurant,10461,3392 EAST TREMONT AVENUE,EAST TREMONT AVENUE,MEYERS STREET,BRUCKNER BOULEVARD,MEYERS STREET,BRUCKNER BOULEVARD,ADDRESS,BRONX,EAST TREMONT AVENUE,,Closed,,The Police Department responded to the complaint and took action to fix the condition.,1/31/25 4:15,10 BRONX,13,Precinct 45,2053060030,BRONX,"1,031,707","242,989",ONLINE,Unspecified,BRONX,,,,,,,,40.83349654,-73.82850509,POINT (-73.828505090067 40.83349654172)
63949848,1/31/25 0:00,1/31/25 0:00,DOHMH,Department of Health and Mental Hygiene,Food Poisoning,1 or 2,,Other (Explain Below),11220,5613 4 AVENUE,4 AVENUE,56 STREET,57 STREET,56 STREET,57 STREET,ADDRESS,BROOKLYN,4 AVENUE,,Closed,,The Department of Health and Mental Hygiene has determined that the reported incident is isolated.  The establishment will be inspected according to its normal schedule for sanitary inspections.,2/13/25 15:54,07 BROOKLYN,38,Precinct 72,3008390005,BROOKLYN,"979,754","173,529",PHONE,Unspecified,BROOKLYN,,,,,,,,40.6429725,-74.01620075,POINT (-74.01620075028 40.642972503581)
63947499,1/31/25 0:00,2/11/25 0:00,DOHMH,Department of Health and Mental Hygiene,Food Poisoning,1 or 2,,Other (Explain Below),10010,675 6 AVENUE,6 AVENUE,WEST 21 STREET,WEST 22 STREET,WEST   21 STREET,WEST   22 STREET,ADDRESS,NEW YORK,AVENUE OF THE AMERICAS,,Closed,,"The Department of Health and Mental Hygiene regulates restaurants and other establishments that mostly sell food which is prepared on the premises. New York State Agriculture and Markets regulates those establishments that mostly sell pre-packaged food, including supermarkets, bodegas, green markets, fish and meat markets, and delis. This Service Request was referred to the New York State Agriculture and Markets.",2/11/25 14:21,04 MANHATTAN,3,Precinct 13,1007970037,MANHATTAN,"986,002","209,505",PHONE,Unspecified,MANHATTAN,,,,,,,,40.74171927,-73.99367754,POINT (-73.993677539596 40.741719268536)
63947356,1/31/25 0:00,2/3/25 0:00,DOHMH,Department of Health and Mental Hygiene,Food Poisoning,1 or 2,,Restaurant/Bar/Deli/Bakery,10304,118 BROAD STREET,BROAD STREET,QUINN STREET,CANAL STREET,QUINN STREET,CANAL STREET,ADDRESS,STATEN ISLAND,BROAD STREET,,Closed,,The Department of Health and Mental Hygiene has determined that the reported incident is isolated.  The establishment will be inspected according to its normal schedule for sanitary inspections.,2/13/25 15:56,01 STATEN ISLAND,49,Precinct 120,5005320003,STATEN ISLAND,"962,273","166,892",ONLINE,Unspecified,STATEN ISLAND,,,,,,,,40.62472923,-74.07916962,POINT (-74.079169621086 40.624729228862)
63945021,1/31/25 0:00,2/3/25 8:40,DOHMH,Department of Health and Mental Hygiene,Food Poisoning,1 or 2,,Restaurant/Bar/Deli/Bakery,10308,150 GREAVES LANE,GREAVES LANE,BEND,OLD AMBOY ROAD,BEND,OLD AMBOY ROAD,ADDRESS,STATEN ISLAND,GREAVES LANE,,Closed,,The Department of Health and Mental Hygiene has determined that the reported incident is isolated.  The establishment will be inspected according to its normal schedule for sanitary inspections.,2/3/25 8:40,03 STATEN ISLAND,51,Precinct 122,5046450410,STATEN ISLAND,"944,288","140,992",ONLINE,Unspecified,STATEN ISLAND,,,,,,,,40.55357613,-74.14380526,POINT (-74.143805259788 40.553576131358)
63943887,1/31/25 0:00,2/19/25 0:00,DOHMH,Department of Health and Mental Hygiene,Food Poisoning,1 or 2,,Other (Explain Below),10312,4343 AMBOY ROAD,AMBOY ROAD,OLD AMBOY ROAD,RIDGECREST AVENUE,OLD AMBOY ROAD,RIDGECREST AVENUE,ADDRESS,STATEN ISLAND,AMBOY ROAD,,Closed,,"The Department of Health and Mental Hygiene regulates restaurants and other establishments that mostly sell food which is prepared on the premises. New York State Agriculture and Markets regulates those establishments that mostly sell pre-packaged food, including supermarkets, bodegas, green markets, fish and meat markets, and delis. This Service Request was referred to the New York State Agriculture and Markets.",2/19/25 15:00,03 STATEN ISLAND,51,Precinct 122,5054970007,STATEN ISLAND,"939,624","138,001",PHONE,Unspecified,STATEN ISLAND,,,,,,,,40.54534418,-74.16056913,POINT (-74.160569132441 40.5453441761)
63942541,1/31/25 0:00,2/11/25 0:00,DOHMH,Department of Health and Mental Hygiene,Food Poisoning,1 or 2,,Restaurant/Bar/Deli/Bakery,10024,401 AMSTERDAM AVENUE,AMSTERDAM AVENUE,WEST 79 STREET,WEST 80 STREET,WEST   79 STREET,WEST   80 STREET,ADDRESS,NEW YORK,AMSTERDAM AVENUE,,Closed,,"The Department of Health and Mental Hygiene regulates restaurants and other establishments that mostly sell food which is prepared on the premises. New York State Agriculture and Markets regulates those establishments that mostly sell pre-packaged food, including supermarkets, bodegas, green markets, fish and meat markets, and delis. This Service Request was referred to the New York State Agriculture and Markets.",2/11/25 14:19,07 MANHATTAN,6,Precinct 20,1012100001,MANHATTAN,"990,286","224,654",ONLINE,Unspecified,MANHATTAN,,,,,,,,40.78329749,-73.97820422,POINT (-73.978204222707 40.783297487036)
63942511,1/31/25 0:00,2/3/25 0:00,DOHMH,Department of Health and Mental Hygiene,Food Poisoning,1 or 2,,Restaurant/Bar/Deli/Bakery,10002,100 FORSYTH STREET,FORSYTH STREET,GRAND STREET,BROOME STREET,GRAND STREET,BROOME STREET,ADDRESS,NEW YORK,FORSYTH STREET,,Closed,,The Department of Health and Mental Hygiene has determined that the reported incident is isolated.  The establishment will be inspected according to its normal schedule for sanitary inspections.,2/28/25 14:23,03 MANHATTAN,1,Precinct 5,1004180032,MANHATTAN,"986,233","201,003",ONLINE,Unspecified,MANHATTAN,,,,,,,,40.71838331,-73.99284643,POINT (-73.992846433089 40.718383309838)
63941367,1/31/25 0:00,2/4/25 0:00,DOHMH,Department of Health and Mental Hygiene,Food Poisoning,1 or 2,,Restaurant/Bar/Deli/Bakery,11206,730 BROADWAY,BROADWAY,THORNTON STREET,GRAHAM AVENUE,THORNTON STREET,GRAHAM AVENUE,ADDRESS,BROOKLYN,BROADWAY,,Closed,,The Health Departmentâs Office of Environmental Investigations has determined this case was an isolated incident. The Departmentâs Bureau of Food Safety and Community Sanitation will review to see if a sanitary inspection is necessary. All food establishments are inspected annually. You can get results of all food safety inspections by going online to www.nyc.gov/health/restaurants.,2/4/25 12:11,01 BROOKLYN,33,Precinct 90,3022760024,BROOKLYN,"1,000,182","194,708",PHONE,Unspecified,BROOKLYN,,,,,,,,40.70109091,-73.94254106,POINT (-73.942541062212 40.701090907855)
63931395,1/31/25 0:00,1/31/25 0:00,DOHMH,Department of Health and Mental Hygiene,Food Poisoning,1 or 2,,Restaurant/Bar/Deli/Bakery,11231,276 SMITH STREET,SMITH STREET,DEGRAW STREET,SACKETT STREET,DEGRAW STREET,SACKETT STREET,ADDRESS,BROOKLYN,SMITH STREET,,Closed,,The Department of Health and Mental Hygiene has determined that the reported incident is isolated.  The establishment will be inspected according to its normal schedule for sanitary inspections.,2/13/25 15:53,06 BROOKLYN,39,Precinct 76,3004210041,BROOKLYN,"986,092","187,920",ONLINE,Unspecified,BROOKLYN,,,,,,,,40.68247357,-73.99335866,POINT (-73.993358661344 40.682473565108)
63948567,1/31/25 0:00,2/3/25 0:00,DOHMH,Department of Health and Mental Hygiene,Food Poisoning,1 or 2,,Restaurant/Bar/Deli/Bakery,11104,39-20 47 AVENUE,47 AVENUE,39 STREET,39 PLACE,39 STREET,39 PLACE,ADDRESS,SUNNYSIDE,47 AVENUE,,Closed,,The Department of Health and Mental Hygiene has determined that the reported incident is isolated.  The establishment will be inspected according to its normal schedule for sanitary inspections.,2/28/25 14:23,02 QUEENS,26,Precinct 108,4002000039,QUEENS,"1,004,786","209,592",ONLINE,Unspecified,QUEENS,,,,,,,,40.74193439,-73.92589128,POINT (-73.925891277701 40.741934392025)
63931724,1/30/25 23:59,1/31/25 18:03,HPD,Department of Housing Preservation and Development,HEAT/HOT WATER,ENTIRE BUILDING,NO HEAT,RESIDENTIAL BUILDING,11373,40-25 HAMPTON STREET,HAMPTON STREET,,,,,ADDRESS,ELMHURST,,,Closed,,"The Department of Housing Preservation and Development contacted a tenant in the building and verified that the following conditions were corrected. The complaint has been closed. If the condition still exists, please file a new complaint.",1/31/25 0:00,04 QUEENS,25,Precinct 110,4015040074,QUEENS,"1,016,915","211,327",PHONE,Unspecified,QUEENS,,,,,,,,40.74666005,-73.8821127,POINT (-73.882112701129 40.746660046653)
63936843,1/30/25 23:59,1/31/25 1:05,NYPD,New York City Police Department,Abandoned Vehicle,With License Plate,,Street/Sidewalk,11429,99-01 211 STREET,211 STREET,99 AVENUE,104 AVENUE,99 AVENUE,104 AVENUE,ADDRESS,QUEENS VILLAGE,211 STREET,,Closed,,The Police Department responded to the complaint and with the information available observed no evidence of the violation at that time.,1/31/25 1:05,13 QUEENS,27,Precinct 105,4108790001,QUEENS,"1,053,910","199,414",MOBILE,Unspecified,QUEENS,Car,,,,,,,40.71374787,-73.74872239,POINT (-73.748722391123 40.713747873323)
63936503,1/30/25 23:59,1/31/25 0:57,NYPD,New York City Police Department,Noise - Street/Sidewalk,Loud Talking,,Street/Sidewalk,10030,2348 7 AVENUE,7 AVENUE,WEST  137 STREET,WEST  138 STREET,WEST  137 STREET,WEST  138 STREET,ADDRESS,NEW YORK,7 AVENUE,,Closed,,The Police Department responded to the complaint and with the information available observed no evidence of the violation at that time.,1/31/25 0:57,10 MANHATTAN,9,Precinct 32,1020230033,MANHATTAN,"1,000,164","236,922",ONLINE,Unspecified,MANHATTAN,,,,,,,,40.81695752,-73.94250605,POINT (-73.942506054092 40.816957522725)
63932077,1/30/25 23:59,2/28/25 9:16,HPD,Department of Housing Preservation and Development,UNSANITARY CONDITION,PESTS,ROACHES,RESIDENTIAL BUILDING,10026,214 WEST  114 STREET,WEST  114 STREET,,,,,ADDRESS,NEW YORK,,,Closed,,"HPD attempted to conduct an inspection in response to this complaint, but was unable to complete the inspection. Please submit a new service request with 311 if the condition still exists. For more information on the reason why HPD was unable to inspect, contact HPD at the Tenant Information Messaging Service at 212-863-4951.",2/28/25 0:00,10 MANHATTAN,9,Precinct 28,1018290038,MANHATTAN,"996,943","231,541",PHONE,Unspecified,MANHATTAN,,,,,,,,40.80219339,-73.95415302,POINT (-73.954153024274 40.802193387096)
63939806,1/30/25 23:59,3/4/25 11:46,HPD,Department of Housing Preservation and Development,PLUMBING,RADIATOR,BROKEN OR MISSING,RESIDENTIAL BUILDING,10026,214 WEST  114 STREET,WEST  114 STREET,,,,,ADDRESS,NEW YORK,,,Closed,,An HPD Inspector was not able to gain access to inspect this complaint. The Inspector left a card at the time of the inspection and a letter was sent from HPD after the inspection attempt to encourage you to call to schedule an inspection. HPD did not receive a timely response from you and the complaint has been closed. Please submit a new service request with 311 if the condition still exists.,3/4/25 0:00,10 MANHATTAN,9,Precinct 28,1018290038,MANHATTAN,"996,943","231,541",PHONE,Unspecified,MANHATTAN,,,,,,,,40.80219339,-73.95415302,POINT (-73.954153024274 40.802193387096)
63936563,1/30/25 23:59,3/4/25 11:46,HPD,Department of Housing Preservation and Development,DOOR/WINDOW,DOOR,BROKEN OR MISSING,RESIDENTIAL BUILDING,10026,214 WEST  114 STREET,WEST  114 STREET,,,,,ADDRESS,NEW YORK,,,Closed,,An HPD Inspector was not able to gain access to inspect this complaint. The Inspector left a card at the time of the inspection and a letter was sent from HPD after the inspection attempt to encourage you to call to schedule an inspection. HPD did not receive a timely response from you and the complaint has been closed. Please submit a new service request with 311 if the condition still exists.,3/4/25 0:00,10 MANHATTAN,9,Precinct 28,1018290038,MANHATTAN,"996,943","231,541",PHONE,Unspecified,MANHATTAN,,,,,,,,40.80219339,-73.95415302,POINT (-73.954153024274 40.802193387096)
63937933,1/30/25 23:59,2/3/25 16:08,HPD,Department of Housing Preservation and Development,HEAT/HOT WATER,APARTMENT ONLY,NO HEAT,RESIDENTIAL BUILDING,10026,214 WEST  114 STREET,WEST  114 STREET,,,,,ADDRESS,NEW YORK,,,Closed,,"The Department of Housing Preservation and Development was not able to gain access to your apartment or others in the building to inspect for a lack of heat or hot water. The complaint has been closed. If the condition still exists, please file a new complaint.",2/3/25 0:00,10 MANHATTAN,9,Precinct 28,1018290038,MANHATTAN,"996,943","231,541",PHONE,Unspecified,MANHATTAN,,,,,,,,40.80219339,-73.95415302,POINT (-73.954153024274 40.802193387096)
63931984,1/30/25 23:59,1/31/25 21:01,HPD,Department of Housing Preservation and Development,HEAT/HOT WATER,ENTIRE BUILDING,NO HEAT AND NO HOT WATER,RESIDENTIAL BUILDING,10459,919 BRUCKNER BOULEVARD,BRUCKNER BOULEVARD,,,,,ADDRESS,BRONX,,,Closed,,"This complaint is a duplicate of a building-wide condition already reported by another tenant.  The original complaint is still open, and HPD may only need to confirm that the condition exists by inspecting one apartment.  If we cannot contact the tenant from the original complaint or get access to that apartment, HPD may attempt to contact the person who filed this complaint to verify the correction of the condition or may conduct an inspection of your unit. You can check HPDONLINE to see if a",1/31/25 0:00,02 BRONX,17,Precinct 41,2027330026,BRONX,"1,013,953","237,415",MOBILE,Unspecified,BRONX,,,,,,,,40.81827507,-73.89268714,POINT (-73.892687144007 40.818275065817)
63931287,1/30/25 23:59,1/31/25 2:14,NYPD,New York City Police Department,Illegal Parking,Blocked Crosswalk,,Street/Sidewalk,11385,77-20 65 STREET,65 STREET,COOPER AVENUE,78 AVENUE,COOPER AVENUE,78 AVENUE,ADDRESS,RIDGEWOOD,65 STREET,,Closed,,The Police Department responded to the complaint and took action to fix the condition.,1/31/25 2:14,05 QUEENS,30,Precinct 104,4037210017,QUEENS,"1,014,969","193,712",PHONE,Unspecified,QUEENS,,,,,,,,40.69831815,-73.88921617,POINT (-73.889216165918 40.698318145246)
63934547,1/30/25 23:59,1/31/25 1:41,NYPD,New York City Police Department,Illegal Parking,Overnight Commercial Storage,,Street/Sidewalk,11385,84 STREET,84 STREET,COOPER AVENUE,DORAN AVENUE,COOPER AVENUE,DORAN AVENUE,BLOCKFACE,,,,Closed,,The Police Department responded to the complaint and took action to fix the condition.,1/31/25 1:41,Unspecified QUEENS,,Precinct 104,,QUEENS,,,PHONE,Unspecified,QUEENS,,,,,,,,,,
63934821,1/30/25 23:59,1/31/25 4:00,DEP,Department of Environmental Protection,Noise,Noise: Construction Before/After Hours (NM1),NM1,,11239,1280 CROTON LOOP,CROTON LOOP,BEND,PENNSYLVANIA AVE,,,ADDRESS,BROOKLYN,,N/A,Closed,,"The Department of Environmental Protection (DEP) didn't observe a violation of the NYC Air or Noise Code at the time of inspection and couldn't issue a summons.  If the problem still exists, please go to nyc.gov/311 or call 311 to file a new Service Request. If you're outside of New York City, please call (212) NEW-YORK (212-639-9675).",1/31/25 4:00,05 BROOKLYN,42,Precinct 75,3044520001,BROOKLYN,"1,016,517","175,842",ONLINE,Unspecified,BROOKLYN,,,,,,,,40.64926355,-73.88371907,POINT (-73.883719072325 40.649263546916)
63931275,1/30/25 23:58,2/4/25 10:09,DSNY,Department of Sanitation,Illegal Dumping,Chronic Dumping,N/A,Street,10309,62 EVERETT AVENUE,EVERETT AVENUE,FINLAY AVENUE,VAIL AVENUE,FINLAY AVENUE,VAIL AVENUE,ADDRESS,STATEN ISLAND,EVERETT AVENUE,,Closed,,"The Department of Sanitation has investigated the complaint and addressed the issue. If the problem persists, call 311 to enter a new complaint. If you are outside of New York City, please call (212) NEW-YORK (212-639-9675).",2/4/25 10:09,03 STATEN ISLAND,51,Precinct 123,5067430041,STATEN ISLAND,"927,214","128,215",ONLINE,Unspecified,STATEN ISLAND,,,,,,,,40.51841238,-74.20513904,POINT (-74.205139038692 40.518412381797)
63931300,1/30/25 23:57,1/31/25 0:42,NYPD,New York City Police Department,Noise - Vehicle,Car/Truck Music,,Street/Sidewalk,11205,150 CLERMONT AVENUE,CLERMONT AVENUE,PARK AVENUE,MYRTLE AVENUE,PARK AVENUE,MYRTLE AVENUE,ADDRESS,BROOKLYN,CLERMONT AVENUE,,Closed,,The Police Department responded to the complaint and took action to fix the condition.,1/31/25 0:42,02 BROOKLYN,35,Precinct 88,3020457501,BROOKLYN,"992,303","191,979",MOBILE,Unspecified,BROOKLYN,Car,,,,,,,40.69361112,-73.97096002,POINT (-73.97096002437 40.693611116261)
63940574,1/30/25 23:56,1/31/25 10:49,HPD,Department of Housing Preservation and Development,HEAT/HOT WATER,ENTIRE BUILDING,NO HEAT,RESIDENTIAL BUILDING,11226,68 ST PAULS PLACE,ST PAULS PLACE,,,,,ADDRESS,BROOKLYN,,,Closed,,"This complaint is a duplicate of a building-wide condition already reported by another tenant.  The original complaint is still open, and HPD may only need to confirm that the condition exists by inspecting one apartment.  If we cannot contact the tenant from the original complaint or get access to that apartment, HPD may attempt to contact the person who filed this complaint to verify the correction of the condition or may conduct an inspection of your unit. You can check HPDONLINE to see if a",1/31/25 0:00,14 BROOKLYN,40,Precinct 70,3050600039,BROOKLYN,"994,440","176,845",PHONE,Unspecified,BROOKLYN,,,,,,,,40.65206948,-73.96327665,POINT (-73.963276654965 40.652069484569)
63936490,1/30/25 23:56,1/31/25 0:37,NYPD,New York City Police Department,Noise - Residential,Loud Music/Party,,Residential Building/House,11212,184 EAST   96 STREET,EAST   96 STREET,WINTHROP STREET,CLARKSON AVENUE,WINTHROP STREET,CLARKSON AVENUE,ADDRESS,BROOKLYN,EAST   96 STREET,,Closed,,The Police Department responded to the complaint and took action to fix the condition.,1/31/25 0:37,17 BROOKLYN,41,Precinct 67,3046310014,BROOKLYN,"1,005,813","180,403",PHONE,Unspecified,BROOKLYN,,,,,,,,40.66181502,-73.92227858,POINT (-73.922278581127 40.66181502061)
63933790,1/30/25 23:56,1/31/25 1:50,NYPD,New York City Police Department,Noise - Residential,Loud Music/Party,,Residential Building/House,10472,1403 ROSEDALE AVENUE,ROSEDALE AVENUE,EAST  174 STREET,EAST  177 STREET,EAST  174 STREET,EAST  177 STREET,ADDRESS,BRONX,ROSEDALE AVENUE,,Closed,,The Police Department responded to the complaint and with the information available observed no evidence of the violation at that time.,1/31/25 1:50,09 BRONX,18,Precinct 43,2038940001,BRONX,"1,020,233","243,494",PHONE,Unspecified,BRONX,,,,,,,,40.83493682,-73.8699658,POINT (-73.869965795209 40.834936821656)
63932016,1/30/25 23:56,1/31/25 19:14,HPD,Department of Housing Preservation and Development,HEAT/HOT WATER,ENTIRE BUILDING,NO HOT WATER,RESIDENTIAL BUILDING,10032,1 AUDUBON AVENUE,AUDUBON AVENUE,,,,,ADDRESS,NEW YORK,,,Closed,,"This complaint is a duplicate of a building-wide condition already reported by another tenant.  The original complaint is still open, and HPD may only need to confirm that the condition exists by inspecting one apartment.  If we cannot contact the tenant from the original complaint or get access to that apartment, HPD may attempt to contact the person who filed this complaint to verify the correction of the condition or may conduct an inspection of your unit. You can check HPDONLINE to see if a",1/31/25 0:00,12 MANHATTAN,10,Precinct 33,1021230026,MANHATTAN,"1,000,966","244,894",MOBILE,Unspecified,MANHATTAN,,,,,,,,40.8388369,-73.93958873,POINT (-73.939588734447 40.838836899959)
63940372,1/30/25 23:55,1/31/25 1:02,NYPD,New York City Police Department,Noise - Residential,Loud Music/Party,,Residential Building/House,11372,95-08 35 AVENUE,35 AVENUE,95 STREET,JUNCTION BOULEVARD,95 STREET,JUNCTION BOULEVARD,ADDRESS,JACKSON HEIGHTS,35 AVENUE,,Closed,,The Police Department responded to the complaint and took action to fix the condition.,1/31/25 1:02,03 QUEENS,21,Precinct 115,4014690005,QUEENS,"1,019,591","213,703",ONLINE,Unspecified,QUEENS,,,,,,,,40.75317127,-73.8724426,POINT (-73.872442599827 40.753171270676)
63933883,1/30/25 23:55,1/31/25 0:18,NYPD,New York City Police Department,Noise - Residential,Loud Music/Party,,Residential Building/House,10026,40 WEST  115 STREET,WEST  115 STREET,5 AVENUE,LENOX AVENUE,5 AVENUE,LENOX AVENUE,ADDRESS,NEW YORK,WEST  115 STREET,,Closed,,The Police Department responded to the complaint and with the information available observed no evidence of the violation at that time.,1/31/25 0:18,10 MANHATTAN,9,Precinct 28,1015960001,MANHATTAN,"998,465","230,987",ONLINE,Unspecified,MANHATTAN,,,,,,,,40.80067049,-73.94865675,POINT (-73.948656751153 40.800670491468)
63933223,1/30/25 23:55,1/31/25 0:42,NYPD,New York City Police Department,Illegal Parking,Double Parked Blocking Traffic,,Street/Sidewalk,10457,1520 SHERIDAN AVENUE,SHERIDAN AVENUE,EAST  172 STREET,MOUNT EDEN PARKWAY,EAST  172 STREET,MOUNT EDEN PARKWAY,ADDRESS,BRONX,SHERIDAN AVENUE,,Closed,,The Police Department responded to the complaint and took action to fix the condition.,1/31/25 0:43,04 BRONX,16,Precinct 44,2028190005,BRONX,"1,008,819","245,780",MOBILE,Unspecified,BRONX,Car,,,,,,,40.84125035,-73.91120493,POINT (-73.911204931407 40.841250354264)
63931871,1/30/25 23:54,1/31/25 0:42,NYPD,New York City Police Department,Illegal Parking,Double Parked Blocking Traffic,,Street/Sidewalk,10457,1504 SHERIDAN AVENUE,SHERIDAN AVENUE,EAST  172 STREET,MOUNT EDEN PARKWAY,EAST  172 STREET,MOUNT EDEN PARKWAY,ADDRESS,BRONX,SHERIDAN AVENUE,,Closed,,The Police Department responded to the complaint and with the information available observed no evidence of the violation at that time.,1/31/25 0:42,04 BRONX,16,Precinct 44,2028190001,BRONX,"1,008,775","245,639",MOBILE,Unspecified,BRONX,Car,,,,,,,40.84086347,-73.91136447,POINT (-73.911364467768 40.840863472892)
63940616,1/30/25 23:54,1/31/25 12:16,HPD,Department of Housing Preservation and Development,HEAT/HOT WATER,ENTIRE BUILDING,NO HEAT AND NO HOT WATER,RESIDENTIAL BUILDING,11226,2620 BEVERLY ROAD,BEVERLY ROAD,,,,,ADDRESS,BROOKLYN,,,Closed,,"This complaint is a duplicate of a building-wide condition already reported by another tenant.  The original complaint is still open, and HPD may only need to confirm that the condition exists by inspecting one apartment.  If we cannot contact the tenant from the original complaint or get access to that apartment, HPD may attempt to contact the person who filed this complaint to verify the correction of the condition or may conduct an inspection of your unit. You can check HPDONLINE to see if a",1/31/25 0:00,17 BROOKLYN,40,Precinct 67,3051700010,BROOKLYN,"997,473","174,240",MOBILE,Unspecified,BROOKLYN,,,,,,,,40.64491532,-73.95235125,POINT (-73.95235125269 40.644915315523)
63933823,1/30/25 23:54,1/31/25 0:51,NYPD,New York City Police Department,Noise - Commercial,Loud Music/Party,,Store/Commercial,11103,36-06 30 AVENUE,30 AVENUE,36 STREET,37 STREET,36 STREET,37 STREET,ADDRESS,ASTORIA,30 AVENUE,,Closed,,The Police Department responded to the complaint and took action to fix the condition.,1/31/25 0:51,01 QUEENS,22,Precinct 114,4006510143,QUEENS,"1,007,175","217,976",MOBILE,Unspecified,QUEENS,,,,,,,,40.76494046,-73.91724146,POINT (-73.917241460587 40.764940464585)
63937753,1/30/25 23:54,1/31/25 0:54,NYPD,New York City Police Department,Noise - Residential,Loud Music/Party,,Residential Building/House,11226,222 EAST   17 STREET,EAST   17 STREET,ALBEMARLE ROAD,BEVERLEY ROAD,ALBEMARLE ROAD,BEVERLEY ROAD,ADDRESS,BROOKLYN,EAST   17 STREET,,Closed,,The Police Department responded to the complaint and took action to fix the condition.,1/31/25 0:54,14 BROOKLYN,40,Precinct 70,3051200026,BROOKLYN,"994,429","174,456",ONLINE,Unspecified,BROOKLYN,,,,,,,,40.64551221,-73.9633199,POINT (-73.963319902591 40.64551221057)
63939225,1/30/25 23:54,2/1/25 16:13,HPD,Department of Housing Preservation and Development,HEAT/HOT WATER,ENTIRE BUILDING,NO HEAT,RESIDENTIAL BUILDING,11226,410 EAST   17 STREET,EAST   17 STREET,,,,,ADDRESS,BROOKLYN,,,Closed,,HPD responded to a complaint of no heat or hot water in the building. An occupant of the building confirmed heat and hot water had been restored when the Inspector attempted to conduct the inspection or contacted you at the phone number associated with the complaint. The complaint has been closed. Please submit a new service request with 311 if the condition still exists.,2/1/25 0:00,14 BROOKLYN,40,Precinct 70,3051590023,BROOKLYN,"994,672","172,774",PHONE,Unspecified,BROOKLYN,,,,,,,,40.6408952,-73.96244685,POINT (-73.962446848912 40.640895200029)
63932848,1/30/25 23:54,1/31/25 4:26,NYPD,New York City Police Department,Noise - Residential,Loud Music/Party,,Residential Building/House,10021,1448 2 AVENUE,2 AVENUE,EAST   75 STREET,EAST   76 STREET,EAST   75 STREET,EAST   76 STREET,ADDRESS,NEW YORK,2 AVENUE,,Closed,,The Police Department responded to the complaint and determined that police action was not necessary.,1/31/25 4:26,08 MANHATTAN,5,Precinct 19,1014500051,MANHATTAN,"996,250","220,212",MOBILE,Unspecified,MANHATTAN,,,,,,,,40.77109928,-73.95667637,POINT (-73.95667637042 40.771099283017)
63939030,1/30/25 23:54,1/31/25 0:19,NYPD,New York City Police Department,Noise - Commercial,Loud Music/Party,,Store/Commercial,10011,113 WEST   13 STREET,WEST   13 STREET,AVENUE OF THE AMERICAS,7 AVENUE,AVENUE OF THE AMERICAS,7 AVENUE,ADDRESS,NEW YORK,WEST   13 STREET,,Closed,,The Police Department responded to the complaint and took action to fix the condition.,1/31/25 0:19,02 MANHATTAN,3,Precinct 6,1006090052,MANHATTAN,"984,803","207,770",MOBILE,Unspecified,MANHATTAN,,,,,,,,40.73695728,-73.99800453,POINT (-73.998004525843 40.736957280363)
63931176,1/30/25 23:54,1/31/25 1:21,NYPD,New York City Police Department,Noise - Residential,Banging/Pounding,,Residential Building/House,10018,480 10 AVENUE,10 AVENUE,WEST   36 STREET,WEST   37 STREET,WEST   36 STREET,WEST   37 STREET,ADDRESS,NEW YORK,10 AVENUE,,Closed,,The Police Department responded to the complaint and took action to fix the condition.,1/31/25 1:21,04 MANHATTAN,3,Precinct 10,1007340066,MANHATTAN,"984,844","214,831",ONLINE,Unspecified,MANHATTAN,,,,,,,,40.75633795,-73.99785596,POINT (-73.997855955661 40.756337950262)
63937072,1/30/25 23:54,1/31/25 1:12,NYPD,New York City Police Department,Illegal Parking,Blocked Hydrant,,Street/Sidewalk,11214,274 BAY   20 STREET,BAY   20 STREET,CROPSEY AVENUE,SHORE PARKWAY,CROPSEY AVENUE,SHORE PARKWAY,ADDRESS,BROOKLYN,BAY   20 STREET,,Closed,,The Police Department issued a summons in response to the complaint.,1/31/25 1:12,11 BROOKLYN,47,Precinct 62,3064640047,BROOKLYN,"982,372","158,254",ONLINE,Unspecified,BROOKLYN,,,,,,,,40.60104676,-74.00676288,POINT (-74.00676287897 40.601046760244)
63938115,1/30/25 23:53,1/31/25 8:13,HPD,Department of Housing Preservation and Development,HEAT/HOT WATER,ENTIRE BUILDING,NO HEAT AND NO HOT WATER,RESIDENTIAL BUILDING,10032,516 WEST  156 STREET,WEST  156 STREET,,,,,ADDRESS,NEW YORK,,,Closed,,"This complaint is a duplicate of a building-wide condition already reported by another tenant.  The original complaint is still open, and HPD may only need to confirm that the condition exists by inspecting one apartment.  If we cannot contact the tenant from the original complaint or get access to that apartment, HPD may attempt to contact the person who filed this complaint to verify the correction of the condition or may conduct an inspection of your unit. You can check HPDONLINE to see if a",1/31/25 0:00,12 MANHATTAN,10,Precinct 33,1021140028,MANHATTAN,"999,952","242,603",ONLINE,Unspecified,MANHATTAN,,,,,,,,40.83255063,-73.94325867,POINT (-73.943258670793 40.832550629853)
63932000,1/30/25 23:53,1/31/25 8:13,HPD,Department of Housing Preservation and Development,HEAT/HOT WATER,ENTIRE BUILDING,NO HEAT AND NO HOT WATER,RESIDENTIAL BUILDING,10032,516 WEST  156 STREET,WEST  156 STREET,,,,,ADDRESS,NEW YORK,,,Closed,,"This complaint is a duplicate of a building-wide condition already reported by another tenant.  The original complaint is still open, and HPD may only need to confirm that the condition exists by inspecting one apartment.  If we cannot contact the tenant from the original complaint or get access to that apartment, HPD may attempt to contact the person who filed this complaint to verify the correction of the condition or may conduct an inspection of your unit. You can check HPDONLINE to see if a",1/31/25 0:00,12 MANHATTAN,10,Precinct 33,1021140028,MANHATTAN,"999,952","242,603",ONLINE,Unspecified,MANHATTAN,,,,,,,,40.83255063,-73.94325867,POINT (-73.943258670793 40.832550629853)
63932274,1/30/25 23:53,1/31/25 0:02,NYPD,New York City Police Department,Illegal Parking,Blocked Crosswalk,,Street/Sidewalk,10025,WEST   95 STREET,WEST   95 STREET,AMSTERDAM AVENUE,WEST   95 STREET,AMSTERDAM AVENUE,WEST   95 STREET,INTERSECTION,,,,Closed,,The Police Department responded to the complaint and took action to fix the condition.,1/31/25 0:02,07 MANHATTAN,7,Precinct 24,,MANHATTAN,"992,319","228,328",MOBILE,Unspecified,MANHATTAN,,,,,,,,40.79338001,-73.97085872,POINT (-73.97085872037 40.793380009483)
63935150,1/30/25 23:52,1/31/25 0:38,NYPD,New York City Police Department,Noise - Commercial,Loud Music/Party,,Club/Bar/Restaurant,10026,2099 8 AVENUE,8 AVENUE,WEST  113 STREET,WEST  114 STREET,WEST  113 STREET,WEST  114 STREET,ADDRESS,NEW YORK,8 AVENUE,,Closed,,The Police Department responded to the complaint and with the information available observed no evidence of the violation at that time.,1/31/25 0:38,10 MANHATTAN,9,Precinct 28,1018470054,MANHATTAN,"996,266","231,744",ONLINE,Unspecified,MANHATTAN,,,,,,,,40.80275151,-73.95659798,POINT (-73.956597977083 40.802751512983)
63936256,1/30/25 23:51,1/31/25 0:42,NYPD,New York City Police Department,Noise - Vehicle,Engine Idling,,Street/Sidewalk,11205,150 CLERMONT AVENUE,CLERMONT AVENUE,PARK AVENUE,MYRTLE AVENUE,PARK AVENUE,MYRTLE AVENUE,ADDRESS,BROOKLYN,CLERMONT AVENUE,,Closed,,The Police Department responded to the complaint and took action to fix the condition.,1/31/25 0:42,02 BROOKLYN,35,Precinct 88,3020457501,BROOKLYN,"992,303","191,979",MOBILE,Unspecified,BROOKLYN,Car,,,,,,,40.69361112,-73.97096002,POINT (-73.97096002437 40.693611116261)
63939553,1/30/25 23:50,1/31/25 2:22,NYPD,New York City Police Department,Blocked Driveway,No Access,,Street/Sidewalk,11369,22-11 92 STREET,92 STREET,DITMARS BOULEVARD,23 AVENUE,DITMARS BOULEVARD,23 AVENUE,ADDRESS,EAST ELMHURST,92 STREET,,Closed,,The Police Department issued a summons in response to the complaint.,1/31/25 2:22,03 QUEENS,21,Precinct 115,4010690072,QUEENS,"1,017,923","219,683",MOBILE,Unspecified,QUEENS,,,,,,,,40.76959133,-73.878433,POINT (-73.87843300371 40.769591328221)
63939488,1/30/25 23:50,1/31/25 14:58,DOHMH,Department of Health and Mental Hygiene,Rodent,Mouse Sighting,,3+ Family Apt. Building,10037,2265 5 AVENUE,5 AVENUE,WEST 137 STREET,EAST 138 STREET,WEST  137 STREET,EAST  138 STREET,ADDRESS,NEW YORK,5 AVENUE,N/A,Closed,,This service request was closed because the Department of Health and Mental Hygiene received an earlier complaint about the same location.  You can find inspection results for this address by going to the online Rat Portal at www.nyc.gov/rats.,1/30/25 23:50,11 MANHATTAN,9,Precinct 25,1017600001,MANHATTAN,"1,001,837","235,963",MOBILE,Unspecified,MANHATTAN,,,,,,,,40.81432216,-73.93646437,POINT (-73.936464370802 40.814322164608)
63934567,1/30/25 23:50,1/31/25 8:13,HPD,Department of Housing Preservation and Development,HEAT/HOT WATER,ENTIRE BUILDING,NO HEAT AND NO HOT WATER,RESIDENTIAL BUILDING,10032,516 WEST  156 STREET,WEST  156 STREET,,,,,ADDRESS,NEW YORK,,,Closed,,"This complaint is a duplicate of a building-wide condition already reported by another tenant.  The original complaint is still open, and HPD may only need to confirm that the condition exists by inspecting one apartment.  If we cannot contact the tenant from the original complaint or get access to that apartment, HPD may attempt to contact the person who filed this complaint to verify the correction of the condition or may conduct an inspection of your unit. You can check HPDONLINE to see if a",1/31/25 0:00,12 MANHATTAN,7,Precinct 33,1021140028,MANHATTAN,"999,952","242,603",ONLINE,Unspecified,MANHATTAN,,,,,,,,40.83255063,-73.94325867,POINT (-73.943258670793 40.832550629853)
63938224,1/30/25 23:50,1/31/25 3:51,NYPD,New York City Police Department,Illegal Parking,Blocked Hydrant,,Street/Sidewalk,10469,2445 ESPLANADE,ESPLANADE,WARING AVENUE,PEARSALL AVENUE,WARING AVENUE,PEARSALL AVENUE,ADDRESS,BRONX,ESPLANADE,,Closed,,The Police Department responded to the complaint and with the information available observed no evidence of the violation at that time.,1/31/25 3:51,11 BRONX,13,Precinct 49,2044550044,BRONX,"1,025,014","253,443",ONLINE,Unspecified,BRONX,,,,,,,,40.86222308,-73.85262792,POINT (-73.852627915006 40.86222307707)
63932993,1/30/25 23:50,1/31/25 17:06,DEP,Department of Environmental Protection,Noise,Noise: air condition/ventilation equipment (NV1),NV1,,10009,191 AVENUE A,AVENUE A,E 11 ST,E 12 ST,,,ADDRESS,NEW YORK,,N/A,Closed,,The Department of Environmental Protection researched this complaint and determined that it could be closed.,1/31/25 17:06,03 MANHATTAN,2,Precinct 9,1004390028,MANHATTAN,"989,394","204,851",ONLINE,Unspecified,MANHATTAN,,,,,,,,40.72894386,-73.98144035,POINT (-73.981440353008 40.728943864203)
63938073,1/30/25 23:49,1/31/25 8:13,HPD,Department of Housing Preservation and Development,HEAT/HOT WATER,ENTIRE BUILDING,NO HEAT AND NO HOT WATER,RESIDENTIAL BUILDING,10032,516 WEST  156 STREET,WEST  156 STREET,,,,,ADDRESS,NEW YORK,,,Closed,,"This complaint is a duplicate of a building-wide condition already reported by another tenant.  The original complaint is still open, and HPD may only need to confirm that the condition exists by inspecting one apartment.  If we cannot contact the tenant from the original complaint or get access to that apartment, HPD may attempt to contact the person who filed this complaint to verify the correction of the condition or may conduct an inspection of your unit. You can check HPDONLINE to see if a",1/31/25 0:00,12 MANHATTAN,7,Precinct 33,1021140028,MANHATTAN,"999,952","242,603",ONLINE,Unspecified,MANHATTAN,,,,,,,,40.83255063,-73.94325867,POINT (-73.943258670793 40.832550629853)
63936101,1/30/25 23:49,2/21/25 6:16,HPD,Department of Housing Preservation and Development,WATER LEAK,HEAVY FLOW,AT WALL OR CEILING,RESIDENTIAL BUILDING,10035,414 EAST  119 STREET,EAST  119 STREET,,,,,ADDRESS,NEW YORK,,,Closed,,An HPD Inspector was not able to gain access to inspect this complaint. The Inspector left a card at the time of the inspection and a letter was sent from HPD after the inspection attempt to encourage you to call to schedule an inspection. HPD did not receive a timely response from you and the complaint has been closed. Please submit a new service request with 311 if the condition still exists.,2/21/25 0:00,11 MANHATTAN,8,Precinct 25,1018060041,MANHATTAN,"1,002,680","229,903",ONLINE,Unspecified,MANHATTAN,,,,,,,,40.79768742,-73.93343555,POINT (-73.933435546265 40.797687421659)
63938364,1/30/25 23:49,1/31/25 4:26,NYPD,New York City Police Department,Noise - Commercial,Loud Music/Party,,Club/Bar/Restaurant,10021,1452 2 AVENUE,2 AVENUE,EAST   75 STREET,EAST   76 STREET,EAST   75 STREET,EAST   76 STREET,ADDRESS,NEW YORK,2 AVENUE,,Closed,,The Police Department responded to the complaint and determined that police action was not necessary.,1/31/25 4:26,08 MANHATTAN,5,Precinct 19,1014500050,MANHATTAN,"996,276","220,258",PHONE,Unspecified,MANHATTAN,,,,,,,,40.77122551,-73.95658242,POINT (-73.956582420257 40.771225505669)
63936727,1/30/25 23:49,2/3/25 18:36,HPD,Department of Housing Preservation and Development,HEAT/HOT WATER,ENTIRE BUILDING,NO HEAT,RESIDENTIAL BUILDING,11435,142-10 HOOVER AVENUE,HOOVER AVENUE,,,,,ADDRESS,JAMAICA,,,Closed,,HPD responded to a complaint of no heat or hot water in the building. An occupant of the building confirmed heat and hot water had been restored when the Inspector attempted to conduct the inspection or contacted you at the phone number associated with the complaint. The complaint has been closed. Please submit a new service request with 311 if the condition still exists.,2/3/25 0:00,08 QUEENS,24,Precinct 107,4097160126,QUEENS,"1,035,238","199,540",ONLINE,Unspecified,QUEENS,,,,,,,,40.71422102,-73.81607486,POINT (-73.816074856253 40.714221023309)
63936498,1/30/25 23:49,1/31/25 0:57,NYPD,New York City Police Department,Noise - Street/Sidewalk,Loud Talking,,Street/Sidewalk,10030,2400 7 AVENUE,7 AVENUE,WEST  140 STREET,WEST  141 STREET,WEST  140 STREET,WEST  141 STREET,ADDRESS,NEW YORK,7 AVENUE,,Closed,,The Police Department responded to the complaint and with the information available observed no evidence of the violation at that time.,1/31/25 0:57,10 MANHATTAN,9,Precinct 32,1020260029,MANHATTAN,"1,000,482","237,497",ONLINE,Unspecified,MANHATTAN,,,,,,,,40.81853516,-73.9413558,POINT (-73.941355796357 40.81853515725)
63933867,1/30/25 23:49,1/31/25 1:25,NYPD,New York City Police Department,Noise - Street/Sidewalk,Loud Talking,,Street/Sidewalk,11225,11 MIDWOOD STREET,MIDWOOD STREET,FLATBUSH AVENUE,BEDFORD AVENUE,FLATBUSH AVENUE,BEDFORD AVENUE,ADDRESS,BROOKLYN,MIDWOOD STREET,,Closed,,The Police Department responded to the complaint and with the information available observed no evidence of the violation at that time.,1/31/25 1:25,09 BROOKLYN,40,Precinct 71,3050310001,BROOKLYN,"995,413","179,572",ONLINE,Unspecified,BROOKLYN,,,,,,,,40.65955333,-73.95976558,POINT (-73.959765584557 40.659553328687)
63940883,1/30/25 23:48,2/1/25 1:22,NYPD,New York City Police Department,Illegal Parking,Blocked Sidewalk,,Street/Sidewalk,11101,29-05 41 AVENUE,41 AVENUE,29 STREET,QUEENS PLAZA NORTH,29 STREET,QUEENS PLAZA NORTH,ADDRESS,LONG ISLAND CITY,41 AVENUE,,Closed,,The Police Department responded and upon arrival those responsible for the condition were gone.,2/1/25 1:22,01 QUEENS,26,Precinct 114,4004030002,QUEENS,"1,001,818","212,938",MOBILE,Unspecified,QUEENS,,,,,,,,40.75112471,-73.93659322,POINT (-73.93659322133 40.751124713867)
63944459,1/30/25 23:48,3/4/25 0:00,DOB,Department of Buildings,Boilers,Boiler - Defective/Inoperative/No Permit,,,10458,2567 DECATUR AVENUE,DECATUR AVENUE,,,,,ADDRESS,BRONX,,N/A,Closed,,"The Department of Buildings attempted to investigate this complaint twice but could not gain access to the location. If the problem still exists, please call 311 and file a new complaint with additional access information. If you are outside of New York City, please call (212) NEW-YORK (212-639-9675).",3/4/25 0:00,07 BRONX,15,Precinct 52,2032750046,BRONX,"1,014,400","253,577",UNKNOWN,Unspecified,BRONX,,,,,,,,40.8626335,-73.89099954,POINT (-73.890999537965 40.862633497151)
63939728,1/30/25 23:48,1/31/25 0:27,NYPD,New York City Police Department,Illegal Parking,Blocked Hydrant,,Street/Sidewalk,11385,78-42 81 STREET,81 STREET,78 ROAD,MYRTLE AVENUE,78 ROAD,MYRTLE AVENUE,ADDRESS,RIDGEWOOD,81 STREET,,Closed,,The Police Department issued a summons in response to the complaint.,1/31/25 0:27,05 QUEENS,32,Precinct 104,4038310064,QUEENS,"1,020,988","195,847",ONLINE,Unspecified,QUEENS,,,,,,,,40.70415527,-73.86749786,POINT (-73.867497856867 40.704155273085)
63937013,1/30/25 23:48,1/31/25 3:14,NYPD,New York City Police Department,Noise - Commercial,Loud Music/Party,,Club/Bar/Restaurant,10128,1696 2 AVENUE,2 AVENUE,EAST   87 STREET,EAST   88 STREET,EAST   87 STREET,EAST   88 STREET,ADDRESS,NEW YORK,2 AVENUE,,Closed,,The Police Department responded to the complaint and with the information available observed no evidence of the violation at that time.,1/31/25 3:14,08 MANHATTAN,5,Precinct 19,1015500050,MANHATTAN,"997,851","223,102",ONLINE,Unspecified,MANHATTAN,,,,,,,,40.77902925,-73.95089043,POINT (-73.950890427834 40.77902925496)
63931315,1/30/25 23:48,1/31/25 6:33,NYPD,New York City Police Department,Illegal Parking,Blocked Crosswalk,,Street/Sidewalk,11421,87-18 85 ROAD,85 ROAD,87 STREET,88 STREET,87 STREET,88 STREET,ADDRESS,WOODHAVEN,85 ROAD,,Closed,,The Police Department responded to the complaint and with the information available observed no evidence of the violation at that time.,1/31/25 6:33,09 QUEENS,32,Precinct 102,4088620006,QUEENS,"1,023,682","192,698",ONLINE,Unspecified,QUEENS,,,,,,,,40.69550042,-73.85779992,POINT (-73.857799919281 40.695500420044)
63936435,1/30/25 23:47,1/31/25 1:06,NYPD,New York City Police Department,Noise - Commercial,Loud Music/Party,,Store/Commercial,10453,2155 GRAND CONCOURSE,GRAND CONCOURSE,EAST  181 STREET,ANTHONY AVENUE,EAST  181 STREET,ANTHONY AVENUE,ADDRESS,BRONX,GRAND CONCOURSE,,Closed,,The Police Department responded to the complaint and with the information available observed no evidence of the violation at that time.,1/31/25 1:06,05 BRONX,14,Precinct 46,2031620045,BRONX,"1,011,428","250,696",MOBILE,Unspecified,BRONX,,,,,,,,40.85473567,-73.9017558,POINT (-73.901755799507 40.854735671662)
63938849,1/30/25 23:47,1/31/25 0:20,NYPD,New York City Police Department,Non-Emergency Police Matter,Trespassing,,Residential Building/House,10026,40 WEST  115 STREET,WEST  115 STREET,5 AVENUE,LENOX AVENUE,5 AVENUE,LENOX AVENUE,ADDRESS,NEW YORK,WEST  115 STREET,,Closed,,The Police Department responded to the complaint and with the information available observed no evidence of the violation at that time.,1/31/25 0:20,10 MANHATTAN,9,Precinct 28,1015960001,MANHATTAN,"998,465","230,987",ONLINE,Unspecified,MANHATTAN,,,,,,,,40.80067049,-73.94865675,POINT (-73.948656751153 40.800670491468)
63940461,1/30/25 23:47,2/2/25 13:30,HPD,Department of Housing Preservation and Development,HEAT/HOT WATER,APARTMENT ONLY,NO HEAT,RESIDENTIAL BUILDING,10469,1040B EAST  217 STREET,EAST  217 STREET,,,,,ADDRESS,BRONX,,,Closed,,"This complaint is a duplicate of a building-wide condition already reported by another tenant.  The original complaint is still open, and HPD may only need to confirm that the condition exists by inspecting one apartment.  If we cannot contact the tenant from the original complaint or get access to that apartment, HPD may attempt to contact the person who filed this complaint to verify the correction of the condition or may conduct an inspection of your unit. You can check HPDONLINE to see if a",2/2/25 0:00,12 BRONX,12,Precinct 47,2046990051,BRONX,"1,024,543","259,628",MOBILE,Unspecified,BRONX,,,,,,,,40.87920115,-73.8542935,POINT (-73.854293501556 40.879201148629)
63937991,1/30/25 23:47,2/2/25 16:19,HPD,Department of Housing Preservation and Development,HEAT/HOT WATER,ENTIRE BUILDING,NO HEAT,RESIDENTIAL BUILDING,11415,83-57 118 STREET,118 STREET,,,,,ADDRESS,KEW GARDENS,,,Closed,,"The Department of Housing Preservation and Development was not able to gain access to your apartment or others in the building to inspect for a lack of heat or hot water. The complaint has been closed. If the condition still exists, please file a new complaint.",2/2/25 0:00,09 QUEENS,29,Precinct 102,4033220040,QUEENS,"1,030,183","196,389",MOBILE,Unspecified,QUEENS,,,,,,,,40.70559998,-73.83433083,POINT (-73.834330825059 40.705599979517)
63940000,1/30/25 23:46,1/31/25 0:12,NYPD,New York City Police Department,Illegal Parking,Blocked Crosswalk,,Street/Sidewalk,11692,BEACH   59 STREET,BEACH   59 STREET,BEACH   59 STREET,LARKIN STREET,BEACH   59 STREET,LARKIN STREET,INTERSECTION,,,,Closed,,The Police Department issued a summons in response to the complaint.,1/31/25 0:12,14 QUEENS,31,Precinct 100,,QUEENS,"1,042,916","154,548",PHONE,Unspecified,QUEENS,,,,,,,,40.59068059,-73.78877005,POINT (-73.788770046582 40.590680588355)
63936744,1/30/25 23:46,2/2/25 11:56,HPD,Department of Housing Preservation and Development,HEAT/HOT WATER,ENTIRE BUILDING,NO HEAT,RESIDENTIAL BUILDING,11228,6907 13 AVENUE,13 AVENUE,,,,,ADDRESS,BROOKLYN,,,Closed,,HPD responded to a complaint of no heat or hot water in the building. An occupant of the building confirmed heat and hot water had been restored when the Inspector attempted to conduct the inspection or contacted you at the phone number associated with the complaint. The complaint has been closed. Please submit a new service request with 311 if the condition still exists.,2/2/25 0:00,10 BROOKLYN,38,Precinct 68,3061560007,BROOKLYN,"983,108","166,425",PHONE,Unspecified,BROOKLYN,,,,,,,,40.6234746,-74.00411385,POINT (-74.004113846089 40.623474597395)
63939539,1/30/25 23:46,1/31/25 2:11,NYPD,New York City Police Department,Illegal Parking,Blocked Sidewalk,,Street/Sidewalk,11385,74-56 65 STREET,65 STREET,CYPRESS HILLS STREET,COOPER AVENUE,CYPRESS HILLS STREET,COOPER AVENUE,ADDRESS,RIDGEWOOD,65 STREET,,Closed,,The Police Department responded to the complaint and took action to fix the condition.,1/31/25 2:11,05 QUEENS,30,Precinct 104,4035990059,QUEENS,"1,014,890","194,324",PHONE,Unspecified,QUEENS,,,,,,,,40.69999821,-73.88949828,POINT (-73.889498284021 40.699998214963)
63939640,1/30/25 23:46,1/31/25 2:42,NYPD,New York City Police Department,Noise - Residential,Loud Music/Party,,Residential Building/House,11412,202-04 HOLLIS AVENUE,HOLLIS AVENUE,202 STREET,203 STREET,202 STREET,203 STREET,ADDRESS,SAINT ALBANS,HOLLIS AVENUE,,Closed,,The Police Department responded to the complaint and with the information available observed no evidence of the violation at that time.,1/31/25 2:42,12 QUEENS,27,Precinct 113,4109420101,QUEENS,"1,052,084","196,735",PHONE,Unspecified,QUEENS,,,,,,,,40.70640887,-73.7553361,POINT (-73.755336096246 40.706408871213)
63933027,1/30/25 23:45,1/31/25 3:02,NYPD,New York City Police Department,Illegal Parking,Blocked Sidewalk,,Street/Sidewalk,10461,1820 TENBROECK AVENUE,TENBROECK AVENUE,LAKEWOOD PLACE,RHINELANDER AVENUE,LAKEWOOD PLACE,RHINELANDER AVENUE,ADDRESS,BRONX,TENBROECK AVENUE,,Closed,,The Police Department issued a summons in response to the complaint.,1/31/25 3:02,11 BRONX,13,Precinct 49,2042030028,BRONX,"1,025,829","249,899",PHONE,Unspecified,BRONX,,,,,,,,40.85249207,-73.84970347,POINT (-73.849703474472 40.852492071514)
63940373,1/30/25 23:45,1/30/25 23:55,NYPD,New York City Police Department,Noise - Residential,Banging/Pounding,,Residential Building/House,10032,540 WEST  165 STREET,WEST  165 STREET,ST NICHOLAS AVENUE,BROADWAY,ST NICHOLAS AVENUE,BROADWAY,ADDRESS,NEW YORK,WEST  165 STREET,,Closed,,This complaint does not fall under the Police Department's jurisdiction.,1/30/25 23:55,12 MANHATTAN,10,Precinct 33,1021220084,MANHATTAN,"1,000,773","244,854",ONLINE,Unspecified,MANHATTAN,,,,,,,,40.83872747,-73.94028633,POINT (-73.940286330635 40.838727474825)
63950862,1/30/25 23:45,2/3/25 0:00,DOB,Department of Buildings,General Construction/Plumbing,Building Permit - None,,,11415,84-53 129 STREET,129 STREET,,,,,ADDRESS,KEW GARDENS,,,Closed,,"The Department of Buildings determined that the conditions described in this complaint were addressed under another service request number. Click on ""Learn More"" in the ""Did You Know"" section below for more information.",2/3/25 0:00,09 QUEENS,29,Precinct 102,4092500079,QUEENS,"1,033,067","196,671",UNKNOWN,Unspecified,QUEENS,,,,,,,,40.70635856,-73.82392692,POINT (-73.823926920294 40.706358560449)
63932544,1/30/25 23:45,1/31/25 1:24,NYPD,New York City Police Department,Noise - Residential,Loud Talking,,Residential Building/House,11211,364 SOUTH    1 STREET,SOUTH    1 STREET,BORINQUEN PLACE,HOOPER STREET,BORINQUEN PLACE,HOOPER STREET,ADDRESS,BROOKLYN,SOUTH    1 STREET,,Closed,,The Police Department responded to the complaint and took action to fix the condition.,1/31/25 1:24,01 BROOKLYN,34,Precinct 90,3024120016,BROOKLYN,"997,413","198,145",PHONE,Unspecified,BROOKLYN,,,,,,,,40.71052921,-73.95252077,POINT (-73.952520771178 40.710529213365)
63932470,1/30/25 23:44,1/30/25 23:54,DSNY,Department of Sanitation,Vendor Enforcement,Non-Food Vendor,In Prohibited Area,Street,10026,46 WEST  116 STREET,WEST  116 STREET,5 AVENUE,LENOX AVENUE,5 AVENUE,LENOX AVENUE,ADDRESS,NEW YORK,WEST  116 STREET,,Closed,,N/A,1/30/25 23:54,10 MANHATTAN,9,Precinct 28,1015997502,MANHATTAN,"998,537","231,279",PHONE,Unspecified,MANHATTAN,,,,,,,,40.80147184,-73.94839607,POINT (-73.948396072641 40.801471835336)
63935307,1/30/25 23:44,2/2/25 13:30,HPD,Department of Housing Preservation and Development,HEAT/HOT WATER,APARTMENT ONLY,NO HEAT,RESIDENTIAL BUILDING,10469,1040B EAST  217 STREET,EAST  217 STREET,,,,,ADDRESS,BRONX,,,Closed,,"This complaint is a duplicate of a building-wide condition already reported by another tenant.  The original complaint is still open, and HPD may only need to confirm that the condition exists by inspecting one apartment.  If we cannot contact the tenant from the original complaint or get access to that apartment, HPD may attempt to contact the person who filed this complaint to verify the correction of the condition or may conduct an inspection of your unit. You can check HPDONLINE to see if a",2/2/25 0:00,12 BRONX,12,Precinct 47,2046990051,BRONX,"1,024,543","259,628",MOBILE,Unspecified,BRONX,,,,,,,,40.87920115,-73.8542935,POINT (-73.854293501556 40.879201148629)
63937925,1/30/25 23:44,2/2/25 13:30,HPD,Department of Housing Preservation and Development,HEAT/HOT WATER,APARTMENT ONLY,NO HEAT,RESIDENTIAL BUILDING,10469,1040B EAST  217 STREET,EAST  217 STREET,,,,,ADDRESS,BRONX,,,Closed,,"This complaint is a duplicate of a building-wide condition already reported by another tenant.  The original complaint is still open, and HPD may only need to confirm that the condition exists by inspecting one apartment.  If we cannot contact the tenant from the original complaint or get access to that apartment, HPD may attempt to contact the person who filed this complaint to verify the correction of the condition or may conduct an inspection of your unit. You can check HPDONLINE to see if a",2/2/25 0:00,12 BRONX,12,Precinct 47,2046990051,BRONX,"1,024,543","259,628",MOBILE,Unspecified,BRONX,,,,,,,,40.87920115,-73.8542935,POINT (-73.854293501556 40.879201148629)
63935322,1/30/25 23:44,2/2/25 13:30,HPD,Department of Housing Preservation and Development,HEAT/HOT WATER,APARTMENT ONLY,NO HEAT,RESIDENTIAL BUILDING,10469,1040B EAST  217 STREET,EAST  217 STREET,,,,,ADDRESS,BRONX,,,Closed,,"This complaint is a duplicate of a building-wide condition already reported by another tenant.  The original complaint is still open, and HPD may only need to confirm that the condition exists by inspecting one apartment.  If we cannot contact the tenant from the original complaint or get access to that apartment, HPD may attempt to contact the person who filed this complaint to verify the correction of the condition or may conduct an inspection of your unit. You can check HPDONLINE to see if a",2/2/25 0:00,12 BRONX,12,Precinct 47,2046990051,BRONX,"1,024,543","259,628",MOBILE,Unspecified,BRONX,,,,,,,,40.87920115,-73.8542935,POINT (-73.854293501556 40.879201148629)
63935633,1/30/25 23:43,1/31/25 3:52,NYPD,New York City Police Department,Illegal Parking,Commercial Overnight Parking,,Street/Sidewalk,11214,2055 77 STREET,77 STREET,20 AVENUE,21 AVENUE,20 AVENUE,21 AVENUE,ADDRESS,BROOKLYN,77 STREET,,Closed,,The Police Department responded to the complaint and determined that police action was not necessary.,1/31/25 3:52,11 BROOKLYN,43,Precinct 62,3062400054,BROOKLYN,"986,530","161,143",ONLINE,Unspecified,BROOKLYN,,,,,,,,40.60897638,-73.9917885,POINT (-73.99178850077 40.608976381594)
63931596,1/30/25 23:43,1/31/25 3:44,NYPD,New York City Police Department,Noise - Residential,Loud Music/Party,,Residential Building/House,11233,1615 ST JOHNS PLACE,ST JOHNS PLACE,BUFFALO AVENUE,RALPH AVENUE,BUFFALO AVENUE,RALPH AVENUE,ADDRESS,BROOKLYN,ST JOHNS PLACE,,Closed,,The Police Department responded to the complaint but officers were unable to gain entry into the premises.,1/31/25 3:44,08 BROOKLYN,41,Precinct 77,3013810062,BROOKLYN,"1,005,438","183,454",PHONE,Unspecified,BROOKLYN,,,,,,,,40.67019024,-73.92362064,POINT (-73.923620637253 40.67019023985)
63939070,1/30/25 23:43,1/31/25 0:19,NYPD,New York City Police Department,Noise - Street/Sidewalk,Loud Music/Party,,Street/Sidewalk,10032,570 WEST  156 STREET,WEST  156 STREET,AMSTERDAM AVENUE,BROADWAY,AMSTERDAM AVENUE,BROADWAY,ADDRESS,NEW YORK,WEST  156 STREET,,Closed,,Your request can not be processed at this time because of insufficient contact information. Please create a new Service Request on NYC.gov and provide more detailed contact information.,1/31/25 0:19,12 MANHATTAN,10,Precinct 33,1021140010,MANHATTAN,"999,524","242,841",ONLINE,Unspecified,MANHATTAN,,,,,,,,40.83320462,-73.94480477,POINT (-73.944804765125 40.833204621789)
63933890,1/30/25 23:42,1/31/25 1:10,NYPD,New York City Police Department,Noise - Vehicle,Car/Truck Music,,Street/Sidewalk,10458,2351 ARTHUR AVENUE,ARTHUR AVENUE,CRESCENT AVENUE,EAST  186 STREET,CRESCENT AVENUE,EAST  186 STREET,ADDRESS,BRONX,ARTHUR AVENUE,,Closed,,The Police Department responded to the complaint and with the information available observed no evidence of the violation at that time.,1/31/25 1:10,06 BRONX,15,Precinct 48,2030650057,BRONX,"1,015,087","250,594",MOBILE,Unspecified,BRONX,Car,,,,,,,40.85444369,-73.88852957,POINT (-73.888529571948 40.854443690566)
63935134,1/30/25 23:42,1/31/25 1:18,NYPD,New York City Police Department,Noise - Commercial,Loud Music/Party,,Store/Commercial,10003,65 2 AVENUE,2 AVENUE,EAST    3 STREET,EAST    4 STREET,EAST    3 STREET,EAST    4 STREET,ADDRESS,NEW YORK,2 AVENUE,,Closed,,The Police Department responded to the complaint and determined that police action was not necessary.,1/31/25 1:19,03 MANHATTAN,2,Precinct 9,1004590029,MANHATTAN,"987,147","203,793",MOBILE,Unspecified,MANHATTAN,,,,,,,,40.72604093,-73.98954803,POINT (-73.989548025868 40.726040933352)
63934207,1/30/25 23:42,1/31/25 2:39,DOT,Department of Transportation,Street Condition,Plate Condition - Noisy,N/A,Street,11206,41 JEFFERSON STREET,JEFFERSON STREET,BROADWAY,BUSHWICK AVENUE,BROADWAY,BUSHWICK AVENUE,ADDRESS,BROOKLYN,JEFFERSON STREET,,Closed,,"The Department of Transportation inspected the condition and issued a summons to the responsible party. A re-inspection will be done within 10 days. If the condition still exists, a second summons will be issued. In some cases, the Department of Transportation will make the repairs and charge the responsible party for the costs.",1/31/25 2:39,04 BROOKLYN,34,Precinct 83,3031600032,BROOKLYN,"1,002,461","193,557",ONLINE,Unspecified,BROOKLYN,,,,,,,,40.69792729,-73.93432494,POINT (-73.934324938119 40.697927285887)
63932063,1/30/25 23:41,2/5/25 13:29,HPD,Department of Housing Preservation and Development,PLUMBING,RADIATOR,SHUT OFF VALVE BROKEN,RESIDENTIAL BUILDING,10468,2305 UNIVERSITY AVENUE,UNIVERSITY AVENUE,,,,,ADDRESS,BRONX,,,Closed,,HPD called the telephone number on file for this complaint.  Someone at that number indicated that the condition was corrected. The complaint has been closed. Please submit a new service request with 311 if the condition still exists.,2/5/25 0:00,07 BRONX,14,Precinct 52,2032180058,BRONX,"1,010,086","252,949",ONLINE,Unspecified,BRONX,,,,,,,,40.86092351,-73.90659823,POINT (-73.906598231008 40.860923507152)
63933755,1/30/25 23:41,1/31/25 1:23,NYPD,New York City Police Department,Noise - Commercial,Car/Truck Music,,Store/Commercial,11419,130-02 101 AVENUE,101 AVENUE,130 STREET,131 STREET,130 STREET,131 STREET,ADDRESS,SOUTH RICHMOND HILL,101 AVENUE,,Closed,,The Police Department responded to the complaint and took action to fix the condition.,1/31/25 1:23,09 QUEENS,29,Precinct 102,4094980001,QUEENS,"1,035,022","191,635",MOBILE,Unspecified,QUEENS,,,,,,,,40.69252494,-73.81691361,POINT (-73.816913613537 40.692524944637)
63937026,1/30/25 23:41,1/31/25 1:57,NYPD,New York City Police Department,Noise - Residential,Loud Music/Party,,Residential Building/House,10460,2006 MAPES AVENUE,MAPES AVENUE,EAST  178 STREET,EAST  179 STREET,EAST  178 STREET,EAST  179 STREET,ADDRESS,BRONX,MAPES AVENUE,,Closed,,The Police Department responded to the complaint and with the information available observed no evidence of the violation at that time.,1/31/25 1:57,06 BRONX,15,Precinct 48,2031070110,BRONX,"1,015,516","247,117",MOBILE,Unspecified,BRONX,,,,,,,,40.84489885,-73.88699503,POINT (-73.886995027101 40.844898852928)
63935220,1/30/25 23:40,1/31/25 0:19,NYPD,New York City Police Department,Noise - Residential,Loud Music/Party,,Residential Building/House,10026,40 WEST  115 STREET,WEST  115 STREET,5 AVENUE,LENOX AVENUE,5 AVENUE,LENOX AVENUE,ADDRESS,NEW YORK,WEST  115 STREET,,Closed,,The Police Department responded to the complaint and took action to fix the condition.,1/31/25 0:19,10 MANHATTAN,9,Precinct 28,1015960001,MANHATTAN,"998,465","230,987",ONLINE,Unspecified,MANHATTAN,,,,,,,,40.80067049,-73.94865675,POINT (-73.948656751153 40.800670491468)
63932402,1/30/25 23:40,1/31/25 0:12,NYPD,New York City Police Department,Noise - Commercial,Loud Music/Party,,Club/Bar/Restaurant,10012,125 MAC DOUGAL STREET,MAC DOUGAL STREET,WEST    3 STREET,WASHINGTON SQUARE SOUTH,WEST    3 STREET,WASHINGTON SQUARE SOUTH,ADDRESS,NEW YORK,MAC DOUGAL STREET,,Closed,,The Police Department responded to the complaint and took action to fix the condition.,1/31/25 0:12,02 MANHATTAN,2,Precinct 6,1005430060,MANHATTAN,"984,222","205,407",ONLINE,Unspecified,MANHATTAN,,,,,,,,40.73047144,-74.00010103,POINT (-74.000101026832 40.730471443949)
63932570,1/30/25 23:40,1/31/25 0:11,NYPD,New York City Police Department,Noise - Residential,Banging/Pounding,,Residential Building/House,10032,130 FORT WASHINGTON AVENUE,FORT WASHINGTON AVENUE,WEST  164 STREET,WEST  165 STREET,WEST  164 STREET,WEST  165 STREET,ADDRESS,NEW YORK,FORT WASHINGTON AVENUE,,Closed,,The Police Department reviewed your complaint and provided additional information below.,1/31/25 0:11,12 MANHATTAN,7,Precinct 33,1021370168,MANHATTAN,"999,962","245,237",ONLINE,Unspecified,MANHATTAN,,,,,,,,40.83978018,-73.94321636,POINT (-73.94321636432 40.839780178393)
63936636,1/30/25 23:40,1/31/25 14:16,HPD,Department of Housing Preservation and Development,HEAT/HOT WATER,APARTMENT ONLY,NO HEAT,RESIDENTIAL BUILDING,10458,275 EAST  194 STREET,EAST  194 STREET,,,,,ADDRESS,BRONX,,,Closed,,HPD called the telephone number on file for this complaint.  Someone at that number indicated that the condition was corrected. The complaint has been closed. Please submit a new service request with 311 if the condition still exists.,1/31/25 0:00,07 BRONX,15,Precinct 52,2032940001,BRONX,"1,014,003","254,376",MOBILE,Unspecified,BRONX,,,,,,,,40.86482786,-73.89243125,POINT (-73.892431252464 40.864827855753)
63939205,1/30/25 23:40,2/3/25 18:54,HPD,Department of Housing Preservation and Development,HEAT/HOT WATER,ENTIRE BUILDING,NO HEAT,RESIDENTIAL BUILDING,11414,84-10 153 AVENUE,153 AVENUE,,,,,ADDRESS,HOWARD BEACH,,,Closed,,"This complaint is a duplicate of a building-wide condition already reported by another tenant.  The original complaint is still open, and HPD may only need to confirm that the condition exists by inspecting one apartment.  If we cannot contact the tenant from the original complaint or get access to that apartment, HPD may attempt to contact the person who filed this complaint to verify the correction of the condition or may conduct an inspection of your unit. You can check HPDONLINE to see if a",2/3/25 0:00,10 QUEENS,32,Precinct 106,4114460012,QUEENS,"1,025,870","182,091",MOBILE,Unspecified,QUEENS,,,,,,,,40.66637664,-73.84997506,POINT (-73.849975057696 40.666376637495)
63932837,1/30/25 23:40,1/31/25 2:02,NYPD,New York City Police Department,Illegal Parking,Posted Parking Sign Violation,,Street/Sidewalk,11417,109-29 103 STREET,103 STREET,PLATTWOOD AVENUE,CENTREVILLE STREET,PLATTWOOD AVENUE,CENTREVILLE STREET,ADDRESS,OZONE PARK,103 STREET,,Closed,,The Police Department issued a summons in response to the complaint.,1/31/25 2:03,10 QUEENS,28,Precinct 106,4114790057,QUEENS,"1,029,908","186,146",PHONE,Unspecified,QUEENS,,,,,,,,40.67748678,-73.8353921,POINT (-73.835392104 40.67748678103)
63939026,1/30/25 23:39,1/31/25 0:41,NYPD,New York City Police Department,Noise - Commercial,Loud Music/Party,,Club/Bar/Restaurant,11238,857 ATLANTIC AVENUE,ATLANTIC AVENUE,WAVERLY AVENUE,UNDERHILL AVENUE,WAVERLY AVENUE,UNDERHILL AVENUE,ADDRESS,BROOKLYN,ATLANTIC AVENUE,,Closed,,The Police Department responded to the complaint and took action to fix the condition.,1/31/25 0:41,02 BROOKLYN,35,Precinct 88,3020120067,BROOKLYN,"993,939","187,480",ONLINE,Unspecified,BROOKLYN,,,,,,,,40.68126075,-73.9650669,POINT (-73.965066904666 40.681260754074)
63937168,1/30/25 23:39,1/31/25 0:49,NYPD,New York City Police Department,Illegal Parking,Overnight Commercial Storage,,Street/Sidewalk,11385,82-20 COOPER AVENUE,COOPER AVENUE,82 STREET,83 STREET,82 STREET,83 STREET,ADDRESS,RIDGEWOOD,COOPER AVENUE,,Closed,,The Police Department responded to the complaint and took action to fix the condition.,1/31/25 0:49,05 QUEENS,32,Precinct 104,,QUEENS,"1,021,136","198,081",PHONE,Unspecified,QUEENS,,,,,,,,40.71028645,-73.86695183,POINT (-73.866951831363 40.710286452553)
63934694,1/30/25 23:38,3/15/25 13:13,HPD,Department of Housing Preservation and Development,UNSANITARY CONDITION,MOLD,N/A,RESIDENTIAL BUILDING,11233,1489 EASTERN PARKWAY EXTENSION,EASTERN PARKWAY EXTENSION,,,,,ADDRESS,BROOKLYN,,,Closed,,"HPD attempted to conduct an inspection in response to this complaint, but was unable to complete the inspection. Please submit a new service request with 311 if the condition still exists. For more information on the reason why HPD was unable to inspect, contact HPD at the Tenant Information Messaging Service at 212-863-4951.",3/15/25 0:00,16 BROOKLYN,41,Precinct 73,3014710052,BROOKLYN,"1,006,916","183,450",ONLINE,Unspecified,BROOKLYN,,,,,,,,40.6701756,-73.9182927,POINT (-73.918292699278 40.670175600116)
63936450,1/30/25 23:38,1/31/25 0:37,NYPD,New York City Police Department,Noise - Residential,Banging/Pounding,,Residential Building/House,11210,2020 AVENUE O,AVENUE O,OCEAN AVENUE,EAST   21 STREET,OCEAN AVENUE,EAST   21 STREET,ADDRESS,BROOKLYN,AVENUE O,,Closed,,The Police Department responded to the complaint and with the information available observed no evidence of the violation at that time.,1/31/25 0:37,14 BROOKLYN,48,Precinct 70,3067670006,BROOKLYN,"997,180","162,820",PHONE,Unspecified,BROOKLYN,,,,,,,,40.61357026,-73.95342895,POINT (-73.953428948888 40.613570260768)
63939172,1/30/25 23:38,1/31/25 13:51,HPD,Department of Housing Preservation and Development,HEAT/HOT WATER,APARTMENT ONLY,NO HEAT,RESIDENTIAL BUILDING,11213,400 HERKIMER STREET,HERKIMER STREET,,,,,ADDRESS,BROOKLYN,,,Closed,,HPD called the telephone number on file for this complaint.  Someone at that number indicated that the condition was corrected. The complaint has been closed. Please submit a new service request with 311 if the condition still exists.,1/31/25 0:00,03 BROOKLYN,36,Precinct 79,3018710018,BROOKLYN,"1,000,876","186,700",MOBILE,Unspecified,BROOKLYN,,,,,,,,40.67910952,-73.94005791,POINT (-73.940057907143 40.679109520086)
63936865,1/30/25 23:38,1/31/25 2:50,NYPD,New York City Police Department,Blocked Driveway,Partial Access,,Street/Sidewalk,11416,101-20 92 STREET,92 STREET,101 AVENUE,103 AVENUE,101 AVENUE,103 AVENUE,ADDRESS,OZONE PARK,92 STREET,,Closed,,The Police Department responded to the complaint and determined that police action was not necessary.,1/31/25 2:51,09 QUEENS,32,Precinct 102,4090980013,QUEENS,"1,026,298","188,229",PHONE,Unspecified,QUEENS,,,,,,,,40.68322202,-73.84839398,POINT (-73.848393984119 40.683222018453)
63931267,1/30/25 23:38,1/31/25 0:37,NYPD,New York City Police Department,Noise - Residential,Loud Music/Party,,Residential Building/House,10452,1403 GRAND CONCOURSE,GRAND CONCOURSE,EAST  170 STREET,EAST  171 STREET,EAST  170 STREET,EAST  171 STREET,ADDRESS,BRONX,GRAND CONCOURSE,,Closed,,The Police Department responded to the complaint and took action to fix the condition.,1/31/25 0:37,04 BRONX,16,Precinct 44,2028330030,BRONX,"1,008,147","244,946",ONLINE,Unspecified,BRONX,,,,,,,,40.83896311,-73.91363658,POINT (-73.913636583443 40.838963112329)
63937574,1/30/25 23:37,1/30/25 23:54,DSNY,Department of Sanitation,Vendor Enforcement,Food Vendor,In Prohibited Area,Street,10001,395 9 AVENUE,9 AVENUE,WEST   31 STREET,WEST   33 STREET,WEST   31 STREET,WEST   33 STREET,ADDRESS,NEW YORK,9 AVENUE,,Closed,,N/A,1/30/25 23:54,04 MANHATTAN,3,Precinct 10,1007297504,MANHATTAN,"985,047","213,352",ONLINE,Unspecified,MANHATTAN,,,,,,,,40.75227846,-73.9971234,POINT (-73.997123402013 40.752278455)
63933004,1/30/25 23:37,1/31/25 14:11,NYPD,New York City Police Department,Noise - Commercial,Loud Music/Party,,Club/Bar/Restaurant,10454,496 EAST  138 STREET,EAST  138 STREET,BROWN PLACE,BROOK AVENUE,BROWN PLACE,BROOK AVENUE,ADDRESS,BRONX,EAST  138 STREET,,Closed,,The Police Department responded to the complaint and took action to fix the condition.,1/31/25 14:11,01 BRONX,8,Precinct 40,2022650004,BRONX,"1,006,482","233,571",PHONE,Unspecified,BRONX,,,,,,,,40.80774632,-73.91969155,POINT (-73.919691554628 40.807746323751)
63931704,1/30/25 23:37,2/1/25 18:06,HPD,Department of Housing Preservation and Development,HEAT/HOT WATER,ENTIRE BUILDING,NO HEAT,RESIDENTIAL BUILDING,10026,225 CENTRAL PARK NORTH,CENTRAL PARK NORTH,,,,,ADDRESS,NEW YORK,,,Closed,,"This complaint is a duplicate of a building-wide condition already reported by another tenant.  The original complaint is still open, and HPD may only need to confirm that the condition exists by inspecting one apartment.  If we cannot contact the tenant from the original complaint or get access to that apartment, HPD may attempt to contact the person who filed this complaint to verify the correction of the condition or may conduct an inspection of your unit. You can check HPDONLINE to see if a",2/1/25 0:00,10 MANHATTAN,9,Precinct 28,1018260013,MANHATTAN,"996,360","230,687",PHONE,Unspecified,MANHATTAN,,,,,,,,40.79985021,-73.95626035,POINT (-73.956260353715 40.799850209229)
63940500,1/30/25 23:37,2/3/25 18:47,HPD,Department of Housing Preservation and Development,HEAT/HOT WATER,APARTMENT ONLY,NO HEAT,RESIDENTIAL BUILDING,11368,98-17 HORACE HARDING EXPRESSWAY,HORACE HARDING EXPRESSWAY,,,,,ADDRESS,CORONA,,,Closed,,"This complaint is a duplicate of a building-wide condition already reported by another tenant.  The original complaint is still open, and HPD may only need to confirm that the condition exists by inspecting one apartment.  If we cannot contact the tenant from the original complaint or get access to that apartment, HPD may attempt to contact the person who filed this complaint to verify the correction of the condition or may conduct an inspection of your unit. You can check HPDONLINE to see if a",2/3/25 0:00,04 QUEENS,21,Precinct 110,4019180095,QUEENS,"1,022,940","207,277",PHONE,Unspecified,QUEENS,,,,,,,,40.73551951,-73.86039193,POINT (-73.860391931452 40.735519510667)
63936724,1/30/25 23:37,2/1/25 14:40,HPD,Department of Housing Preservation and Development,HEAT/HOT WATER,ENTIRE BUILDING,NO HEAT,RESIDENTIAL BUILDING,11219,1329 50 STREET,50 STREET,,,,,ADDRESS,BROOKLYN,,,Closed,,HPD responded to a complaint of no heat or hot water in the building. An occupant of the building confirmed heat and hot water had been restored when the Inspector attempted to conduct the inspection or contacted you at the phone number associated with the complaint. The complaint has been closed. Please submit a new service request with 311 if the condition still exists.,2/1/25 0:00,12 BROOKLYN,44,Precinct 66,3056420061,BROOKLYN,"986,492","170,263",PHONE,Unspecified,BROOKLYN,,,,,,,,40.63400889,-73.99192233,POINT (-73.991922330237 40.634008888605)
63939396,1/30/25 23:36,1/31/25 0:51,NYPD,New York City Police Department,Illegal Parking,License Plate Obscured,,Street/Sidewalk,11378,59-31 56 DRIVE,56 DRIVE,59 PLACE,60 STREET,59 PLACE,60 STREET,ADDRESS,MASPETH,56 DRIVE,,Closed,,The Police Department responded to the complaint and took action to fix the condition.,1/31/25 0:51,05 QUEENS,30,Precinct 104,4026900116,QUEENS,"1,009,929","203,032",ONLINE,Unspecified,QUEENS,,,,,,,,40.72391538,-73.90735667,POINT (-73.907356668004 40.723915376036)
63931350,1/30/25 23:36,1/31/25 3:23,NYPD,New York City Police Department,Abandoned Vehicle,With License Plate,,Street/Sidewalk,10305,198 ST MARYS AVENUE,ST MARYS AVENUE,TOMPKINS AVENUE,WHITE PLAINS AVENUE,TOMPKINS AVENUE,WHITE PLAINS AVENUE,ADDRESS,STATEN ISLAND,ST MARYS AVENUE,,Closed,,The Police Department responded to the complaint and took action to fix the condition.,1/31/25 3:23,01 STATEN ISLAND,49,Precinct 120,5029720053,STATEN ISLAND,"963,807","162,808",MOBILE,Unspecified,STATEN ISLAND,Car,,,,,,,40.61352317,-74.0736312,POINT (-74.073631198269 40.613523174592)
63949497,1/30/25 23:36,2/27/25 0:00,DOB,Department of Buildings,Building/Use,Illegal Conversion Of Residential Building/Space,,,11415,84-53 129 STREET,129 STREET,,,,,ADDRESS,KEW GARDENS,,,Closed,,The Department of Buildings has inspected this location and found a compliance deficiency resulting in a Full Stop Work Order.,2/27/25 0:00,09 QUEENS,29,Precinct 102,4092500079,QUEENS,"1,033,067","196,671",UNKNOWN,Unspecified,QUEENS,,,,,,,,40.70635856,-73.82392692,POINT (-73.823926920294 40.706358560449)
63933856,1/30/25 23:35,1/31/25 2:38,NYPD,New York City Police Department,Encampment,N/A,,Highway,,,,,,,,,,,,Closed,,The Police Department visited the location and no Encampment was found.,1/31/25 2:38,Unspecified QUEENS,,Unspecified,,QUEENS,,,ONLINE,Unspecified,QUEENS,,,,Jackie Robinson/Interboro Pkwy,Eastbound,Ramp,Entrance Jackie Robinson Pkwy Eastbound,,,
63939632,1/30/25 23:35,1/31/25 2:13,NYPD,New York City Police Department,Noise - Commercial,Loud Music/Party,,Club/Bar/Restaurant,10019,469 WEST   57 STREET,WEST   57 STREET,9 AVENUE,10 AVENUE,9 AVENUE,10 AVENUE,ADDRESS,NEW YORK,WEST   57 STREET,,Closed,,The Police Department responded to the complaint and with the information available observed no evidence of the violation at that time.,1/31/25 2:13,04 MANHATTAN,6,Precinct 18,1010670004,MANHATTAN,"987,708","219,330",PHONE,Unspecified,MANHATTAN,,,,,,,,40.76868589,-73.98751603,POINT (-73.987516026953 40.76868589121)
63938693,1/30/25 23:35,2/3/25 16:00,DEP,Department of Environmental Protection,Air Quality,"Air: Odor/Fumes, Vehicle Idling (AD3)",AD3,,11385,77-17 61 STREET,61 STREET,COOPER AVE,80 AVE,,,ADDRESS,RIDGEWOOD,,N/A,Closed,,"The Department of Environmental Protection (DEP) didn't observe a violation of the NYC Air or Noise Code at the time of inspection and couldn't issue a summons.  If the problem still exists, please go to nyc.gov/311 or call 311 to file a new Service Request. If you're outside of New York City, please call (212) NEW-YORK (212-639-9675).",2/3/25 16:00,05 QUEENS,30,Precinct 104,4037140057,QUEENS,"1,013,791","193,119",ONLINE,Unspecified,QUEENS,,,,,,,,40.69669451,-73.89346706,POINT (-73.893467056936 40.696694510277)
63931594,1/30/25 23:34,2/2/25 17:30,NYPD,New York City Police Department,Noise - Residential,Loud Music/Party,,Residential Building/House,11355,133-01 SANFORD AVENUE,SANFORD AVENUE,FRAME PLACE,MAIN STREET,FRAME PLACE,MAIN STREET,ADDRESS,FLUSHING,SANFORD AVENUE,,Closed,,The Police Department responded to the complaint and took action to fix the condition.,2/2/25 17:31,07 QUEENS,20,Precinct 109,4050420001,QUEENS,"1,031,221","214,713",PHONE,Unspecified,QUEENS,,,,,,,,40.75588933,-73.83045911,POINT (-73.830459105622 40.755889327195)
63939441,1/30/25 23:34,4/1/25 0:16,DOHMH,Department of Health and Mental Hygiene,Non-Residential Heat,Inadequate or No Heat,N/A,Building (Non-Residential),11204,7402 NEW UTRECHT AVENUE,NEW UTRECHT AVENUE,74 STREET,BAY RIDGE PARKWAY,74 STREET,BAY RIDGE PARKWAY,ADDRESS,BROOKLYN,NEW UTRECHT AVENUE,,Closed,,"The NYC Health Department has responded to your service request. For inspection results, please call (212) 676-1600 or email infobfscs@health.nyc.gov to request an inspection report. This service request has been closed.",4/1/25 0:16,11 BROOKLYN,38,Precinct 62,3062140012,BROOKLYN,"984,317","163,878",ONLINE,Unspecified,BROOKLYN,,,,,,,,40.61648369,-73.99975867,POINT (-73.999758670034 40.616483685938)
63948051,1/30/25 23:33,1/31/25 0:00,DOB,Department of Buildings,Elevator,Elevator - Single Device On Property/No Alternate Service,,,10016,201 EAST   30 STREET,EAST   30 STREET,,,,,ADDRESS,NEW YORK,,,Closed,,"The Department of Buildings reviewed this complaint and closed it. If the problem still exists, please call 311 and file a new complaint. If you are outside of New York City, please call (212) NEW-YORK (212-639-9675).",1/31/25 0:00,06 MANHATTAN,2,Precinct 17,1009110001,MANHATTAN,"989,866","210,016",UNKNOWN,Unspecified,MANHATTAN,,,,,,,,40.74312023,-73.97973306,POINT (-73.979733056765 40.743120226463)
63931681,1/30/25 23:33,1/31/25 20:42,HPD,Department of Housing Preservation and Development,HEAT/HOT WATER,ENTIRE BUILDING,NO HEAT,RESIDENTIAL BUILDING,11209,6902 RIDGE BOULEVARD,RIDGE BOULEVARD,,,,,ADDRESS,BROOKLYN,,,Closed,,"This complaint is a duplicate of a building-wide condition already reported by another tenant.  The original complaint is still open, and HPD may only need to confirm that the condition exists by inspecting one apartment.  If we cannot contact the tenant from the original complaint or get access to that apartment, HPD may attempt to contact the person who filed this complaint to verify the correction of the condition or may conduct an inspection of your unit. You can check HPDONLINE to see if a",1/31/25 0:00,10 BROOKLYN,43,Precinct 68,3058700037,BROOKLYN,"976,284","171,160",ONLINE,Unspecified,BROOKLYN,,,,,,,,40.63646766,-74.02870165,POINT (-74.028701645536 40.636467664542)
63935778,1/30/25 23:33,1/31/25 0:38,NYPD,New York City Police Department,Illegal Parking,Blocked Hydrant,,Street/Sidewalk,10026,257 WEST  117 STREET,WEST  117 STREET,ST NICHOLAS AVENUE,FREDERICK DOUGLASS BOULEVARD,ST NICHOLAS AVENUE,FREDERICK DOUGLASS BOULEVARD,ADDRESS,NEW YORK,WEST  117 STREET,,Closed,,The Police Department responded to the complaint and with the information available observed no evidence of the violation at that time.,1/31/25 0:38,10 MANHATTAN,9,Precinct 28,1019237501,MANHATTAN,"997,032","232,442",MOBILE,Unspecified,MANHATTAN,,,,,,,,40.80466626,-73.95382984,POINT (-73.953829842009 40.804666256079)
63935768,1/30/25 23:33,1/31/25 1:41,NYPD,New York City Police Department,Illegal Parking,Posted Parking Sign Violation,,Street/Sidewalk,10463,3404 BAILEY PLACE,BAILEY PLACE,BAILEY AVENUE,BEND,BAILEY AVENUE,BEND,ADDRESS,BRONX,BAILEY PLACE,,Closed,,The Police Department responded and upon arrival those responsible for the condition were gone.,1/31/25 1:41,08 BRONX,14,Precinct 50,2032610110,BRONX,"1,011,798","260,081",ONLINE,Unspecified,BRONX,,,,,,,,40.88049348,-73.90037973,POINT (-73.900379727121 40.880493476168)
63939557,1/30/25 23:33,1/31/25 2:33,NYPD,New York City Police Department,Noise - Residential,Loud Music/Party,,Residential Building/House,11207,410 WARWICK STREET,WARWICK STREET,GLENMORE AVENUE,PITKIN AVENUE,GLENMORE AVENUE,PITKIN AVENUE,ADDRESS,BROOKLYN,WARWICK STREET,,Closed,,The Police Department responded to the complaint and with the information available observed no evidence of the violation at that time.,1/31/25 2:33,05 BROOKLYN,42,Precinct 75,3039980030,BROOKLYN,"1,015,889","184,752",PHONE,Unspecified,BROOKLYN,,,,,,,,40.67372178,-73.88594039,POINT (-73.885940391044 40.67372177519)
63935570,1/30/25 23:32,1/31/25 16:16,NYPD,New York City Police Department,Abandoned Vehicle,With License Plate,,Street/Sidewalk,11365,65-19 173 STREET,173 STREET,65 AVENUE,67 AVENUE,65 AVENUE,67 AVENUE,ADDRESS,FRESH MEADOWS,173 STREET,,Closed,,The Police Department responded and upon arrival those responsible for the condition were gone.,1/31/25 16:16,08 QUEENS,24,Precinct 107,4069140027,QUEENS,"1,040,639","207,546",MOBILE,Unspecified,QUEENS,Car,,,,,,,40.73616272,-73.79652522,POINT (-73.79652522312 40.736162715075)
63932420,1/30/25 23:32,1/31/25 0:48,NYPD,New York City Police Department,Noise - Residential,Loud Music/Party,,Residential Building/House,10027,250 WEST  131 STREET,WEST  131 STREET,ADAM CLAYTON POWELL JR BOULEVARD,FREDERICK DOUGLASS BOULEVARD,ADAM CLAYTON POWELL JR BOULEVARD,FREDERICK DOUGLASS BOULEVARD,ADDRESS,NEW YORK,WEST  131 STREET,,Closed,,The Police Department responded to the complaint and with the information available observed no evidence of the violation at that time.,1/31/25 0:48,10 MANHATTAN,9,Precinct 32,1019330050,MANHATTAN,"998,740","235,701",ONLINE,Unspecified,MANHATTAN,,,,,,,,40.81360867,-73.9476533,POINT (-73.947653302362 40.813608670506)
63933138,1/30/25 23:32,1/31/25 1:37,NYPD,New York City Police Department,Illegal Parking,Blocked Hydrant,,Street/Sidewalk,11106,34-62 9 STREET,9 STREET,34 AVENUE,35 AVENUE,34 AVENUE,35 AVENUE,ADDRESS,ASTORIA,9 STREET,,Closed,,The Police Department responded and upon arrival those responsible for the condition were gone.,1/31/25 1:37,01 QUEENS,22,Precinct 114,4003230054,QUEENS,"1,000,819","217,628",ONLINE,Unspecified,QUEENS,,,,,,,,40.76399949,-73.94018727,POINT (-73.940187272875 40.763999491728)
63938824,1/30/25 23:32,1/30/25 23:59,NYPD,New York City Police Department,Blocked Driveway,No Access,,Street/Sidewalk,11223,1796 WEST   10 STREET,WEST   10 STREET,KINGS HIGHWAY,HIGHLAWN AVENUE,KINGS HIGHWAY,HIGHLAWN AVENUE,ADDRESS,BROOKLYN,WEST   10 STREET,,Closed,,The Police Department responded to the complaint and determined that police action was not necessary.,1/30/25 23:59,11 BROOKLYN,43,Precinct 62,,BROOKLYN,"989,059","159,112",ONLINE,Unspecified,BROOKLYN,,,,,,,,40.60340069,-73.98268167,POINT (-73.982681665711 40.603400690041)
63939950,1/30/25 23:32,1/31/25 12:10,DEP,Department of Environmental Protection,Water System,Dirty Water (WE),WE,,11228,1336 85 STREET,85 STREET,13 AVE,14 AVE,,,ADDRESS,BROOKLYN,,,Closed,,The Department of Environmental Protection resolved this complaint by speaking to the complainant on the phone.,1/31/25 12:10,10 BROOKLYN,43,Precinct 68,3063390021,BROOKLYN,"980,822","163,006",PHONE,Unspecified,BROOKLYN,,,,,,,,40.61408956,-74.01234701,POINT (-74.012347006818 40.614089563428)
63936548,1/30/25 23:31,1/31/25 1:02,NYPD,New York City Police Department,Noise - Residential,Loud Music/Party,,Residential Building/House,10001,125 WEST   31 STREET,WEST   31 STREET,AVENUE OF THE AMERICAS,7 AVENUE,AVENUE OF THE AMERICAS,7 AVENUE,ADDRESS,NEW YORK,WEST   31 STREET,,Closed,,The Police Department responded to the complaint and a report was prepared.,1/31/25 1:02,05 MANHATTAN,3,Precinct 14,1008077501,MANHATTAN,"987,001","211,899",ONLINE,Unspecified,MANHATTAN,,,,,,,,40.74828994,-73.99007146,POINT (-73.990071458855 40.748289944788)
63940978,1/30/25 23:31,1/31/25 1:15,NYPD,New York City Police Department,Illegal Parking,Blocked Hydrant,,Street/Sidewalk,11209,565 85 STREET,85 STREET,5 AVENUE,FORT HAMILTON PARKWAY,5 AVENUE,FORT HAMILTON PARKWAY,ADDRESS,BROOKLYN,85 STREET,,Closed,,The Police Department issued a summons in response to the complaint.,1/31/25 1:15,10 BROOKLYN,47,Precinct 68,3060270045,BROOKLYN,"977,459","165,679",MOBILE,Unspecified,BROOKLYN,,,,,,,,40.62142445,-74.02446258,POINT (-74.024462584106 40.621424454111)
63936989,1/30/25 23:31,4/10/25 9:54,TLC,Taxi and Limousine Commission,For Hire Vehicle Complaint,Driver Complaint - Non Passenger,Unsafe Driving,,11432,89-21 169 STREET,169 STREET,89 AVENUE,90 AVENUE,89 AVENUE,90 AVENUE,ADDRESS,JAMAICA,169 STREET,,Closed,,The Taxi and Limousine Commission (TLC) reviewed your complaint. The driver or owner pled guilty to a violation and paid a fine. TLC has sent you a written confirmation of this outcome.,4/10/25 9:54,12 QUEENS,27,Precinct 103,4098030009,QUEENS,"1,041,913","197,644",MOBILE,Unspecified,QUEENS,,,"89-21 169 STREET, QUEENS (JAMAICA), NY, 11432",,,,,40.70897598,-73.79201296,POINT (-73.792012959373 40.70897598226)
63931989,1/30/25 23:31,2/3/25 17:13,HPD,Department of Housing Preservation and Development,HEAT/HOT WATER,ENTIRE BUILDING,NO HEAT AND NO HOT WATER,RESIDENTIAL BUILDING,10032,515 WEST  160 STREET,WEST  160 STREET,,,,,ADDRESS,NEW YORK,,,Closed,,HPD responded to a complaint of no heat or hot water in the building. An occupant of the building confirmed heat and hot water had been restored when the Inspector attempted to conduct the inspection or contacted you at the phone number associated with the complaint. The complaint has been closed. Please submit a new service request with 311 if the condition still exists.,2/3/25 0:00,12 MANHATTAN,7,Precinct 33,1021190050,MANHATTAN,"1,000,480","243,506",PHONE,Unspecified,MANHATTAN,,,,,,,,40.83502815,-73.94134849,POINT (-73.941348486136 40.835028149499)
63941002,1/30/25 23:31,1/31/25 0:19,NYPD,New York City Police Department,Noise - Residential,Loud Television,,Residential Building/House,11209,375 76 STREET,76 STREET,3 AVENUE,4 AVENUE,3 AVENUE,4 AVENUE,ADDRESS,BROOKLYN,76 STREET,,Closed,,The Police Department responded to the complaint and took action to fix the condition.,1/31/25 0:19,10 BROOKLYN,47,Precinct 68,3059400045,BROOKLYN,"976,969","168,922",ONLINE,Unspecified,BROOKLYN,,,,,,,,40.63032542,-74.02623116,POINT (-74.026231163356 40.630325418987)
63936866,1/30/25 23:30,1/31/25 13:57,NYPD,New York City Police Department,Blocked Driveway,Partial Access,,Street/Sidewalk,11366,158-46 75 ROAD,75 ROAD,PARSONS BOULEVARD,160 STREET,PARSONS BOULEVARD,160 STREET,ADDRESS,FRESH MEADOWS,75 ROAD,,Closed,,The Police Department issued a summons in response to the complaint.,1/31/25 13:58,08 QUEENS,24,Precinct 107,4068240025,QUEENS,"1,036,829","203,775",PHONE,Unspecified,QUEENS,,,,,,,,40.72583574,-73.8103027,POINT (-73.810302697965 40.72583573875)
63935646,1/30/25 23:29,1/31/25 2:01,NYPD,New York City Police Department,Noise - Residential,Banging/Pounding,,Residential Building/House,11101,40-14 12 STREET,12 STREET,40 AVENUE,41 AVENUE,40 AVENUE,41 AVENUE,ADDRESS,LONG ISLAND CITY,12 STREET,,Closed,,The Police Department responded to the complaint and with the information available observed no evidence of the violation at that time.,1/31/25 2:01,01 QUEENS,26,Precinct 114,4004700200,QUEENS,"1,000,021","214,633",MOBILE,Unspecified,QUEENS,,,,,,,,40.75578045,-73.94307501,POINT (-73.94307501238 40.755780445516)
63933712,1/30/25 23:29,1/31/25 0:00,NYPD,New York City Police Department,Blocked Driveway,No Access,,Street/Sidewalk,11223,1798 WEST   10 STREET,WEST   10 STREET,KINGS HIGHWAY,HIGHLAWN AVENUE,KINGS HIGHWAY,HIGHLAWN AVENUE,ADDRESS,BROOKLYN,WEST   10 STREET,,Closed,,The Police Department responded to the complaint and determined that police action was not necessary.,1/31/25 0:00,11 BROOKLYN,43,Precinct 62,3066460046,BROOKLYN,"989,061","159,100",ONLINE,Unspecified,BROOKLYN,,,,,,,,40.60336775,-73.98267447,POINT (-73.982674471791 40.603367751398)
63937125,1/30/25 23:29,1/31/25 0:28,NYPD,New York City Police Department,Illegal Parking,Blocked Hydrant,,Street/Sidewalk,11214,1857 79 STREET,79 STREET,18 AVENUE,19 AVENUE,18 AVENUE,19 AVENUE,ADDRESS,BROOKLYN,79 STREET,,Closed,,The Police Department issued a summons in response to the complaint.,1/31/25 0:28,11 BROOKLYN,43,Precinct 62,3062610046,BROOKLYN,"985,021","161,675",MOBILE,Unspecified,BROOKLYN,,,,,,,,40.61043687,-73.99722316,POINT (-73.997223155962 40.61043687217)
63930964,1/30/25 23:29,1/31/25 22:30,DEP,Department of Environmental Protection,Noise,Noise: Construction Before/After Hours (NM1),NM1,,10004,14 SOUTH WILLIAM STREET,SOUTH WILLIAM STREET,MILL LN,BROAD ST,,,ADDRESS,NEW YORK,,N/A,Closed,,"The Department of Environmental Protection (DEP) didn't observe a violation of the NYC Air or Noise Code at the time of inspection and couldn't issue a summons.  If the problem still exists, please go to nyc.gov/311 or call 311 to file a new Service Request. If you're outside of New York City, please call (212) NEW-YORK (212-639-9675).",1/31/25 22:30,01 MANHATTAN,1,Precinct 1,1000290086,MANHATTAN,"981,320","195,990",ONLINE,Unspecified,MANHATTAN,,,,,,,,40.70462355,-74.01056764,POINT (-74.010567637308 40.704623553995)
63932208,1/30/25 23:29,2/6/25 12:42,DEP,Department of Environmental Protection,Noise,"Noise, Barking Dog (NR5)",NR5,,11212,338 BRISTOL STREET,BRISTOL STREET,DUMONT AVE,LIVONIA AVE,,,ADDRESS,BROOKLYN,,N/A,Closed,,"The Department of Environmental Protection (DEP) closed your Service Request because it didn't include enough dog owner location information to respond to the complaint.  If the excessive dog barking continues, please file a new Service Request. You must include an NYC address for the dog's owner so DEP can send them a letter.",2/6/25 12:42,16 BROOKLYN,41,Precinct 73,3035730001,BROOKLYN,"1,008,953","180,820",PHONE,Unspecified,BROOKLYN,,,,,,,,40.66295139,-73.91095928,POINT (-73.910959282248 40.66295138915)
63943993,1/30/25 23:29,1/31/25 6:38,DSNY,Department of Sanitation,Derelict Vehicles,Derelict Vehicles,,Street,11420,112-06 109 AVENUE,109 AVENUE,112 STREET,113 STREET,,,ADDRESS,SOUTH OZONE PARK,,,Closed,,The Department of Sanitation does NOT have jurisdiction over vehicles (abandoned or otherwise) that have license plates affixed to them. Your request will be referred to the NYPD for further action.,1/31/25 12:00,10 QUEENS,28,Precinct 106,4115930001,QUEENS,"1,031,989","187,294",PHONE,Unspecified,QUEENS,,,,,,,,40.6806268,-73.82788149,POINT (-73.827881493093 40.680626796913)
63937473,1/30/25 23:29,1/31/25 17:56,DEP,Department of Environmental Protection,Noise,Noise: Construction Before/After Hours (NM1),NM1,,10033,4260 BROADWAY,BROADWAY,W 181 ST,W 182 ST,,,ADDRESS,NEW YORK,,N/A,Closed,,The Department of Environmental Protection determined that this complaint is a duplicate of a previously filed complaint. The original complaint is being addressed.,1/31/25 17:56,12 MANHATTAN,10,Precinct 34,1021647501,MANHATTAN,"1,002,047","249,070",ONLINE,Unspecified,MANHATTAN,,,,,,,,40.85029668,-73.93567094,POINT (-73.93567094185 40.850296679687)
63937865,1/30/25 23:28,2/3/25 17:04,HPD,Department of Housing Preservation and Development,ELECTRIC,NO LIGHTING,ONE ROOM OR AREA,RESIDENTIAL BUILDING,10002,271 BROOME STREET,BROOME STREET,,,,,ADDRESS,NEW YORK,,,Closed,,The Department of Housing Preservation and Development contacted an occupant of the apartment or building and verified that the complaint was addressed.  The complaint has been closed.,2/3/25 0:00,03 MANHATTAN,1,Precinct 5,,MANHATTAN,"986,691","201,011",PHONE,Unspecified,MANHATTAN,,,,,,,,40.71840515,-73.99119422,POINT (-73.991194219585 40.7184051534)
63935462,1/30/25 23:28,1/31/25 3:27,NYPD,New York City Police Department,Blocked Driveway,No Access,,Street/Sidewalk,11385,2034 LINDEN STREET,LINDEN STREET,FAIRVIEW AVENUE,GRANDVIEW AVENUE,FAIRVIEW AVENUE,GRANDVIEW AVENUE,ADDRESS,RIDGEWOOD,LINDEN STREET,,Closed,,The Police Department issued a summons in response to the complaint.,1/31/25 3:27,05 QUEENS,30,Precinct 104,4034850028,QUEENS,"1,010,448","196,965",PHONE,Unspecified,QUEENS,,,,,,,,40.7072614,-73.90550786,POINT (-73.905507859859 40.707261400571)
63932798,1/30/25 23:28,2/3/25 12:44,HPD,Department of Housing Preservation and Development,HEAT/HOT WATER,ENTIRE BUILDING,NO HEAT,RESIDENTIAL BUILDING,10039,210 WEST  150 STREET,WEST  150 STREET,,,,,ADDRESS,NEW YORK,,,Closed,,HPD responded to a complaint of no heat or hot water in the building. An occupant of the building confirmed heat and hot water had been restored when the Inspector attempted to conduct the inspection or contacted you at the phone number associated with the complaint. The complaint has been closed. Please submit a new service request with 311 if the condition still exists.,2/3/25 0:00,10 MANHATTAN,9,Precinct 32,1020350001,MANHATTAN,"1,001,574","239,877",PHONE,Unspecified,MANHATTAN,,,,,,,,40.82506551,-73.93740439,POINT (-73.937404392582 40.825065508572)
63935170,1/30/25 23:28,1/31/25 0:53,NYPD,New York City Police Department,Noise - Residential,Banging/Pounding,,Residential Building/House,10306,255 MILL ROAD,MILL ROAD,EBBITTS STREET,ISERNIA AVENUE,EBBITTS STREET,ISERNIA AVENUE,ADDRESS,STATEN ISLAND,MILL ROAD,,Closed,,The Police Department responded to the complaint and took action to fix the condition.,1/31/25 0:53,03 STATEN ISLAND,50,Precinct 122,5039830045,STATEN ISLAND,"953,367","144,416",ONLINE,Unspecified,STATEN ISLAND,,,,,,,,40.56301061,-74.1111497,POINT (-74.11114969781 40.563010609124)
63941143,1/30/25 23:28,2/1/25 17:15,HPD,Department of Housing Preservation and Development,PLUMBING,WATER SUPPLY,NO WATER,RESIDENTIAL BUILDING,10456,656 EAST  166 STREET,EAST  166 STREET,,,,,ADDRESS,BRONX,,,Closed,,"HPD attempted to conduct an inspection in response to this complaint, but was unable to complete the inspection. Please submit a new service request with 311 if the condition still exists. For more information on the reason why HPD was unable to inspect, contact HPD at the Tenant Information Messaging Service at 212-863-4951.",2/1/25 0:00,03 BRONX,16,Precinct 42,2026330020,BRONX,"1,010,648","240,586",PHONE,Unspecified,BRONX,,,,,,,,40.82698905,-73.90461517,POINT (-73.904615169788 40.826989052573)
63934001,1/30/25 23:28,1/31/25 15:49,HPD,Department of Housing Preservation and Development,HEAT/HOT WATER,APARTMENT ONLY,NO HEAT,RESIDENTIAL BUILDING,11226,123 LINDEN BOULEVARD,LINDEN BOULEVARD,,,,,ADDRESS,BROOKLYN,,,Closed,,"This complaint is a duplicate of a building-wide condition already reported by another tenant.  The original complaint is still open, and HPD may only need to confirm that the condition exists by inspecting one apartment.  If we cannot contact the tenant from the original complaint or get access to that apartment, HPD may attempt to contact the person who filed this complaint to verify the correction of the condition or may conduct an inspection of your unit. You can check HPDONLINE to see if a",1/31/25 0:00,17 BROOKLYN,40,Precinct 67,3050840084,BROOKLYN,"996,951","176,972",ONLINE,Unspecified,BROOKLYN,,,,,,,,40.65241483,-73.95422712,POINT (-73.954227121962 40.652414826469)
63933156,1/30/25 23:27,1/31/25 0:50,NYPD,New York City Police Department,Illegal Parking,Posted Parking Sign Violation,,Street/Sidewalk,11215,739 6 AVENUE,6 AVENUE,22 STREET,23 STREET,22 STREET,23 STREET,ADDRESS,BROOKLYN,6 AVENUE,,Closed,,The Police Department responded and upon arrival those responsible for the condition were gone.,1/31/25 0:50,07 BROOKLYN,39,Precinct 72,3009000001,BROOKLYN,"986,390","179,360",ONLINE,Unspecified,BROOKLYN,,,,,,,,40.65897821,-73.99228694,POINT (-73.992286938652 40.658978213379)
63933120,1/30/25 23:27,1/31/25 0:45,NYPD,New York City Police Department,Illegal Parking,Commercial Overnight Parking,,Street/Sidewalk,11222,933 LORIMER STREET,LORIMER STREET,BEDFORD AVENUE,NORMAN AVENUE,BEDFORD AVENUE,NORMAN AVENUE,ADDRESS,BROOKLYN,LORIMER STREET,,Closed,,The Police Department issued a summons in response to the complaint.,1/31/25 0:45,01 BROOKLYN,33,Precinct 94,3026440030,BROOKLYN,"997,537","203,126",MOBILE,Unspecified,BROOKLYN,,,,,,,,40.72420068,-73.95206367,POINT (-73.952063668605 40.72420067594)
63939627,1/30/25 23:27,1/31/25 0:08,NYPD,New York City Police Department,Illegal Parking,Posted Parking Sign Violation,,Street/Sidewalk,11378,58-25 71 STREET,71 STREET,58 ROAD,CALDWELL AVENUE,58 ROAD,CALDWELL AVENUE,ADDRESS,MASPETH,71 STREET,,Closed,,The Police Department responded and upon arrival those responsible for the condition were gone.,1/31/25 0:08,05 QUEENS,30,Precinct 104,4028200059,QUEENS,"1,014,641","203,593",MOBILE,Unspecified,QUEENS,,,,,,,,40.72544025,-73.89035445,POINT (-73.890354447736 40.725440250438)
63940339,1/30/25 23:27,1/30/25 23:56,NYPD,New York City Police Department,Noise - Street/Sidewalk,Loud Talking,,Street/Sidewalk,11219,902 42 STREET,42 STREET,9 AVENUE,10 AVENUE,9 AVENUE,10 AVENUE,ADDRESS,BROOKLYN,42 STREET,,Closed,,The Police Department responded and upon arrival those responsible for the condition were gone.,1/30/25 23:56,12 BROOKLYN,38,Precinct 66,3055950009,BROOKLYN,"985,225","173,918",MOBILE,Unspecified,BROOKLYN,,,,,,,,40.64404131,-73.99648666,POINT (-73.996486658261 40.644041312403)
63933447,1/30/25 23:27,1/31/25 0:27,NYPD,New York City Police Department,Illegal Parking,Blocked Crosswalk,,Street/Sidewalk,11214,1873 79 STREET,79 STREET,18 AVENUE,19 AVENUE,18 AVENUE,19 AVENUE,ADDRESS,BROOKLYN,79 STREET,,Closed,,The Police Department responded to the complaint and determined that police action was not necessary.,1/31/25 0:27,11 BROOKLYN,43,Precinct 62,3062610039,BROOKLYN,"985,084","161,625",MOBILE,Unspecified,BROOKLYN,,,,,,,,40.61029963,-73.99699626,POINT (-73.996996260485 40.610299626737)
63935658,1/30/25 23:27,1/31/25 2:30,NYPD,New York City Police Department,Illegal Parking,Commercial Overnight Parking,,Street/Sidewalk,10471,251 WEST  254 STREET,WEST  254 STREET,POST ROAD,VALLES AVENUE,POST ROAD,VALLES AVENUE,ADDRESS,BRONX,WEST  254 STREET,,Closed,,The Police Department issued a summons in response to the complaint.,1/31/25 2:30,08 BRONX,11,Precinct 50,2058441881,BRONX,"1,012,001","267,687",ONLINE,Unspecified,BRONX,,,,,,,,40.90136889,-73.89961411,POINT (-73.899614109636 40.901368892031)
63935136,1/30/25 23:27,1/31/25 11:34,DOT,Department of Transportation,Street Light Condition,Street Light Out,Location Type: Intersection,,10453,1601 UNIVERSITY AVENUE,UNIVERSITY AVENUE,174 ST W,UNNAMED ST,UNIVERSITY AVENUE,WEST 174 STREET,INTERSECTION,BRONX,,,Closed,,Service Request status for this request is available on the Department of Transportationâs website. Please click the âLearn Moreâ link below.,1/31/25 11:34,05 BRONX,14,Precinct 46,2028780001,BRONX,"1,006,216","247,828",UNKNOWN,Unspecified,BRONX,,,,,,,,40.84687837,-73.92060575,POINT (-73.920605745711 40.8468783703)
63933792,1/30/25 23:26,1/31/25 0:55,NYPD,New York City Police Department,Noise - Residential,Loud Music/Party,,Residential Building/House,11212,672 POWELL STREET,POWELL STREET,NEW LOTS AVENUE,HEGEMAN AVENUE,NEW LOTS AVENUE,HEGEMAN AVENUE,ADDRESS,BROOKLYN,POWELL STREET,,Closed,,The Police Department responded to the complaint but officers were unable to gain entry into the premises.,1/31/25 0:55,16 BROOKLYN,42,Precinct 73,3038627501,BROOKLYN,"1,011,766","178,827",PHONE,Unspecified,BROOKLYN,,,,,,,,40.65747275,-73.90082811,POINT (-73.900828106705 40.657472751606)
63938343,1/30/25 23:26,1/31/25 8:17,NYPD,New York City Police Department,Noise - Street/Sidewalk,Loud Music/Party,,Street/Sidewalk,10456,EAST  166 STREET,EAST  166 STREET,BROOK AVENUE,EAST  166 STREET,BROOK AVENUE,EAST  166 STREET,INTERSECTION,,,,Closed,,The Police Department responded to the complaint and with the information available observed no evidence of the violation at that time.,1/31/25 8:17,03 BRONX,16,Precinct 42,,BRONX,"1,008,850","241,334",MOBILE,Unspecified,BRONX,,,,,,,,40.82904729,-73.9111092,POINT (-73.911109199686 40.829047288622)
63939027,1/30/25 23:26,1/31/25 1:18,NYPD,New York City Police Department,Noise - Commercial,Loud Music/Party,,Club/Bar/Restaurant,10009,127 EAST    7 STREET,EAST    7 STREET,1 AVENUE,AVENUE A,1 AVENUE,AVENUE A,ADDRESS,NEW YORK,EAST    7 STREET,,Closed,,The Police Department responded to the complaint and took action to fix the condition.,1/31/25 1:18,03 MANHATTAN,2,Precinct 9,1004350039,MANHATTAN,"988,617","203,909",ONLINE,Unspecified,MANHATTAN,,,,,,,,40.72635872,-73.98424439,POINT (-73.984244394604 40.726358721569)
63940701,1/30/25 23:26,1/31/25 0:14,NYPD,New York City Police Department,Abandoned Vehicle,With License Plate,,Street/Sidewalk,11215,8 AVENUE,8 AVENUE,8 AVENUE,14 STREET,8 AVENUE,14 STREET,INTERSECTION,,,,Closed,,The Police Department responded to the complaint and determined that police action was not necessary.,1/31/25 0:14,06 BROOKLYN,39,Precinct 78,,BROOKLYN,"989,319","180,732",ONLINE,Unspecified,BROOKLYN,Other,,,,,,,40.66274286,-73.98172911,POINT (-73.981729105256 40.662742858408)
63931394,1/30/25 23:26,1/30/25 23:26,DOHMH,Department of Health and Mental Hygiene,Rodent,Rat Sighting,,3+ Family Apt. Building,11201,222 PACIFIC STREET,PACIFIC STREET,COURT STREET,BOERUM PLACE,COURT STREET,BOERUM PLACE,ADDRESS,BROOKLYN,PACIFIC STREET,N/A,Closed,,The Department of Health and Mental Hygiene inspected the property you reported and did not find any violations at the time of the inspection. The property passed inspection.,2/14/25 11:11,02 BROOKLYN,33,Precinct 84,3002790031,BROOKLYN,"986,530","190,234",ONLINE,Unspecified,BROOKLYN,,,,,,,,40.68882486,-73.99177867,POINT (-73.991778667497 40.688824863871)
63939290,1/30/25 23:26,1/31/25 0:35,DOT,Department of Transportation,Traffic Signal Condition,Controller,Operating Improperly,,10456,,,,,EAST 166 STREET,CLAY AVENUE,INTERSECTION,BRONX,,N/A,Closed,,"Service Request status for this request is available on the Department of Transportation's website. Please click the ""Learn More"" link below.",1/31/25 0:35,04 BRONX,16,Precinct 44,,BRONX,"1,008,533","241,469",UNKNOWN,Unspecified,BRONX,,,,,,,,40.8294187,-73.91225417,POINT (-73.912254173024 40.82941870204)
63939466,1/30/25 23:25,1/31/25 11:06,NYPD,New York City Police Department,Blocked Driveway,No Access,,Street/Sidewalk,10466,3972 BRONX BOULEVARD,BRONX BOULEVARD,EAST  224 STREET,EAST  226 STREET,EAST  224 STREET,EAST  226 STREET,ADDRESS,BRONX,BRONX BOULEVARD,,Closed,,The Police Department issued a summons in response to the complaint.,1/31/25 11:06,12 BRONX,12,Precinct 47,2048200040,BRONX,"1,021,800","263,195",PHONE,Unspecified,BRONX,,,,,,,,40.88900353,-73.86419265,POINT (-73.864192652402 40.889003533379)
63935574,1/30/25 23:25,1/31/25 4:21,NYPD,New York City Police Department,Blocked Driveway,No Access,,Street/Sidewalk,11421,74-29 85 ROAD,85 ROAD,DEXTER COURT,75 STREET,DEXTER COURT,75 STREET,ADDRESS,WOODHAVEN,85 ROAD,,Closed,,The Police Department responded to the complaint and determined that police action was not necessary.,1/31/25 4:21,09 QUEENS,32,Precinct 102,4088390082,QUEENS,"1,020,800","192,149",PHONE,Unspecified,QUEENS,,,,,,,,40.69400592,-73.86819598,POINT (-73.868195979717 40.694005916055)
63933218,1/30/25 23:24,1/31/25 1:16,NYPD,New York City Police Department,Illegal Parking,Commercial Overnight Parking,,Street/Sidewalk,11420,125-14 SUTTER AVENUE,SUTTER AVENUE,125 STREET,126 STREET,125 STREET,126 STREET,ADDRESS,SOUTH OZONE PARK,SUTTER AVENUE,,Closed,,The Police Department issued a summons in response to the complaint.,1/31/25 1:16,10 QUEENS,28,Precinct 106,,QUEENS,"1,036,094","184,510",ONLINE,Unspecified,QUEENS,,,,,,,,40.67296227,-73.81310276,POINT (-73.813102757888 40.672962271955)
63932781,1/30/25 23:24,1/31/25 13:59,HPD,Department of Housing Preservation and Development,HEAT/HOT WATER,ENTIRE BUILDING,NO HEAT,RESIDENTIAL BUILDING,11417,110-52 107 STREET,107 STREET,,,,,ADDRESS,OZONE PARK,,,Closed,,"This complaint is a duplicate of a building-wide condition already reported by another tenant.  The original complaint is still open, and HPD may only need to confirm that the condition exists by inspecting one apartment.  If we cannot contact the tenant from the original complaint or get access to that apartment, HPD may attempt to contact the person who filed this complaint to verify the correction of the condition or may conduct an inspection of your unit. You can check HPDONLINE to see if a",1/31/25 0:00,10 QUEENS,28,Precinct 106,4114810061,QUEENS,"1,030,735","186,132",PHONE,Unspecified,QUEENS,,,,,,,,40.67744405,-73.83241068,POINT (-73.832410677047 40.677444050112)
63937988,1/30/25 23:24,2/1/25 17:53,HPD,Department of Housing Preservation and Development,HEAT/HOT WATER,ENTIRE BUILDING,NO HEAT,RESIDENTIAL BUILDING,10465,1130 STADIUM AVENUE,STADIUM AVENUE,,,,,ADDRESS,BRONX,,,Closed,,"This complaint is a duplicate of a building-wide condition already reported by another tenant.  The original complaint is still open, and HPD may only need to confirm that the condition exists by inspecting one apartment.  If we cannot contact the tenant from the original complaint or get access to that apartment, HPD may attempt to contact the person who filed this complaint to verify the correction of the condition or may conduct an inspection of your unit. You can check HPDONLINE to see if a",2/1/25 0:00,10 BRONX,13,Precinct 45,2054090041,BRONX,"1,034,708","244,067",ONLINE,Unspecified,BRONX,,,,,,,,40.8364387,-73.81765233,POINT (-73.817652326063 40.836438698249)
63937750,1/30/25 23:24,1/31/25 0:50,NYPD,New York City Police Department,Noise - Commercial,Loud Music/Party,,Store/Commercial,11226,642 ROGERS AVENUE,ROGERS AVENUE,PARKSIDE AVENUE,CLARKSON AVENUE,PARKSIDE AVENUE,CLARKSON AVENUE,ADDRESS,BROOKLYN,ROGERS AVENUE,,Closed,,The Police Department responded to the complaint and took action to fix the condition.,1/31/25 0:50,09 BROOKLYN,40,Precinct 71,3050560050,BROOKLYN,"997,281","178,217",MOBILE,Unspecified,BROOKLYN,,,,,,,,40.6558316,-73.95303544,POINT (-73.953035436256 40.655831599625)
63940526,1/30/25 23:24,2/1/25 22:35,HPD,Department of Housing Preservation and Development,HEAT/HOT WATER,ENTIRE BUILDING,NO HEAT,RESIDENTIAL BUILDING,11377,72-10 41 AVENUE,41 AVENUE,,,,,ADDRESS,WOODSIDE,,,Closed,,"The Department of Housing Preservation and Development was not able to gain access to your apartment or others in the building to inspect for a lack of heat or hot water. The complaint has been closed. If the condition still exists, please file a new complaint.",2/1/25 0:00,04 QUEENS,25,Precinct 110,4013120010,QUEENS,"1,013,908","210,718",ONLINE,Unspecified,QUEENS,,,,,,,,40.74499909,-73.89296758,POINT (-73.892967575125 40.744999091724)
63940791,1/30/25 23:24,1/31/25 10:34,NYPD,New York City Police Department,Blocked Driveway,No Access,,Street/Sidewalk,11368,41-14 114 STREET,114 STREET,41 AVENUE,42 AVENUE,41 AVENUE,42 AVENUE,ADDRESS,CORONA,114 STREET,,Closed,,The Police Department responded to the complaint and took action to fix the condition.,1/31/25 10:34,04 QUEENS,21,Precinct 110,4020140046,QUEENS,"1,025,204","213,168",PHONE,Unspecified,QUEENS,,,,,,,,40.75167862,-73.85218671,POINT (-73.852186713849 40.751678617426)
63939564,1/30/25 23:23,1/31/25 4:03,NYPD,New York City Police Department,Blocked Driveway,Partial Access,,Street/Sidewalk,11364,58-26 215 STREET,215 STREET,58 AVENUE,HORACE HARDING EXPRESSWAY,58 AVENUE,HORACE HARDING EXPRESSWAY,ADDRESS,OAKLAND GARDENS,215 STREET,,Closed,,The Police Department responded and upon arrival those responsible for the condition were gone.,1/31/25 4:03,11 QUEENS,23,Precinct 111,4074650015,QUEENS,"1,049,907","212,109",ONLINE,Unspecified,QUEENS,,,,,,,,40.74862302,-73.76303807,POINT (-73.763038066582 40.748623021295)
63940536,1/30/25 23:23,2/1/25 22:35,HPD,Department of Housing Preservation and Development,HEAT/HOT WATER,ENTIRE BUILDING,NO HEAT,RESIDENTIAL BUILDING,11368,55-25 98 PLACE,98 PLACE,,,,,ADDRESS,CORONA,,,Closed,,"The Department of Housing Preservation and Development was not able to gain access to your apartment or others in the building to inspect for a lack of heat or hot water. The complaint has been closed. If the condition still exists, please file a new complaint.",2/1/25 0:00,04 QUEENS,21,Precinct 110,4019080001,QUEENS,"1,022,569","208,443",ONLINE,Unspecified,QUEENS,,,,,,,,40.7387215,-73.861724,POINT (-73.861723995221 40.738721503446)
63938587,1/30/25 23:23,2/5/25 10:08,HPD,Department of Housing Preservation and Development,UNSANITARY CONDITION,GARBAGE/RECYCLING STORAGE,ACCUMULATION,RESIDENTIAL BUILDING,10452,957 WOODYCREST AVENUE,WOODYCREST AVENUE,,,,,ADDRESS,BRONX,,,Closed,,HPD conducted an inspection of this complaint. The conditions observed by the inspector did not violate the housing laws enforced by HPD. The complaint has been closed.,2/5/25 0:00,04 BRONX,16,Precinct 44,2025110068,BRONX,"1,003,936","242,233",PHONE,Unspecified,BRONX,,,,,,,,40.8315271,-73.92886303,POINT (-73.928863032215 40.831527104823)
63939968,1/30/25 23:23,2/3/25 13:50,DOT,Department of Transportation,Street Condition,Pothole,,,11377,,,,,66 STREET,QUEENS BOULEVARD,INTERSECTION,QUEENS,,N/A,Closed,,The Department of Transportation inspected this complaint and did not find the reported problem.,2/3/25 13:50,02 QUEENS,30,Precinct 108,,QUEENS,"1,012,345","209,178",UNKNOWN,Unspecified,QUEENS,,,,,,,,40.74077728,-73.8986147,POINT (-73.89861469567 40.740777282599)
63940030,1/30/25 23:23,1/31/25 8:11,DEP,Department of Environmental Protection,Water System,Possible Water Main Break (Use Comments) (WA1),WA1,,11228,,,,,15 AVENUE,85 STREET,INTERSECTION,BROOKLYN,,,Closed,,The Department of Environmental Protection determined that this complaint is a duplicate of a previously filed complaint. The original complaint is being addressed.,1/31/25 8:11,11 BROOKLYN,43,Precinct 62,,BROOKLYN,"981,784","162,247",PHONE,Unspecified,BROOKLYN,,,,,,,,40.61200658,-74.00888179,POINT (-74.008881787839 40.612006584907)
63937236,1/30/25 23:23,2/9/25 10:49,DOT,Department of Transportation,Street Light Condition,Street Light Out,Location Type: Intersection,,11226,,,,,CORTELYOU ROAD,FLATBUSH AVENUE,INTERSECTION,BROOKLYN,,,Closed,,Service Request status for this request is available on the Department of Transportationâs website. Please click the âLearn Moreâ link below.,2/9/25 10:49,14 BROOKLYN,40,Precinct 70,,BROOKLYN,"995,928","173,958",UNKNOWN,Unspecified,BROOKLYN,,,,,,,,40.64414346,-73.95791911,POINT (-73.957919108509 40.644143458335)
63933185,1/30/25 23:22,1/31/25 0:41,NYPD,New York City Police Department,Illegal Parking,Posted Parking Sign Violation,,Street/Sidewalk,11205,93 ST EDWARDS STREET,ST EDWARDS STREET,MONUMENT WALK,AUBURN PLACE,MONUMENT WALK,AUBURN PLACE,ADDRESS,BROOKLYN,ST EDWARDS STREET,,Closed,,The Police Department responded to the complaint and determined that police action was not necessary.,1/31/25 0:41,02 BROOKLYN,35,Precinct 88,3020390001,BROOKLYN,"990,352","192,303",PHONE,Unspecified,BROOKLYN,,,,,,,,40.69450198,-73.97799524,POINT (-73.977995244304 40.694501981435)
63933026,1/30/25 23:22,1/31/25 6:28,NYPD,New York City Police Department,Illegal Parking,Blocked Hydrant,,Street/Sidewalk,11218,550 EAST    4 STREET,EAST    4 STREET,AVENUE C,CORTELYOU ROAD,AVENUE C,CORTELYOU ROAD,ADDRESS,BROOKLYN,EAST    4 STREET,,Closed,,The Police Department responded and upon arrival those responsible for the condition were gone.,1/31/25 6:28,12 BROOKLYN,39,Precinct 66,3053720039,BROOKLYN,"991,015","172,059",ONLINE,Unspecified,BROOKLYN,,,,,,,,40.63893623,-73.97562468,POINT (-73.975624678129 40.638936226331)
63934344,1/30/25 23:22,1/31/25 2:32,NYPD,New York City Police Department,Illegal Parking,Blocked Hydrant,,Street/Sidewalk,11223,1794 WEST   12 STREET,WEST   12 STREET,QUENTIN ROAD,HIGHLAWN AVENUE,QUENTIN ROAD,HIGHLAWN AVENUE,ADDRESS,BROOKLYN,WEST   12 STREET,,Closed,,The Police Department issued a summons in response to the complaint.,1/31/25 2:32,11 BROOKLYN,43,Precinct 62,3066440045,BROOKLYN,"988,540","159,073",ONLINE,Unspecified,BROOKLYN,,,,,,,,40.60329391,-73.98455073,POINT (-73.984550730885 40.603293909422)
63936536,1/30/25 23:22,1/31/25 1:40,NYPD,New York City Police Department,Noise - Commercial,Loud Music/Party,,Store/Commercial,11101,21-38 44 ROAD,44 ROAD,21 STREET,23 STREET,21 STREET,23 STREET,ADDRESS,LONG ISLAND CITY,44 ROAD,,Closed,,The Police Department responded to the complaint and took action to fix the condition.,1/31/25 1:40,02 QUEENS,26,Precinct 108,4004380041,QUEENS,"999,285","212,008",MOBILE,Unspecified,QUEENS,,,,,,,,40.74857677,-73.94573745,POINT (-73.945737452548 40.748576768651)
63938279,1/30/25 23:22,1/31/25 7:02,NYPD,New York City Police Department,Blocked Driveway,Partial Access,,Street/Sidewalk,11223,1710 EAST FIFTH STREET,EAST FIFTH STREET,AVENUE P,QUENTIN ROAD,AVENUE P,QUENTIN ROAD,ADDRESS,BROOKLYN,EAST    5 STREET,,Closed,,The Police Department issued a summons in response to the complaint.,1/31/25 7:02,15 BROOKLYN,44,Precinct 61,3066360011,BROOKLYN,"992,865","161,097",MOBILE,Unspecified,BROOKLYN,,,,,,,,40.60884623,-73.96897284,POINT (-73.968972838016 40.608846226541)
63940324,1/30/25 23:22,1/31/25 1:43,NYPD,New York City Police Department,Noise - Residential,Banging/Pounding,,Residential Building/House,11229,2530 OCEAN AVENUE,OCEAN AVENUE,AVENUE T,AVENUE U,AVENUE T,AVENUE U,ADDRESS,BROOKLYN,OCEAN AVENUE,,Closed,,The Police Department responded to the complaint and with the information available observed no evidence of the violation at that time.,1/31/25 1:43,15 BROOKLYN,48,Precinct 61,3073240036,BROOKLYN,"997,707","157,891",ONLINE,Unspecified,BROOKLYN,,,,,,,,40.60004038,-73.95154063,POINT (-73.951540630932 40.600040381009)
63939008,1/30/25 23:22,1/31/25 0:39,NYPD,New York City Police Department,Noise - Residential,Loud Music/Party,,Residential Building/House,11238,15 QUINCY STREET,QUINCY STREET,DOWNING STREET,CLASSON AVENUE,DOWNING STREET,CLASSON AVENUE,ADDRESS,BROOKLYN,QUINCY STREET,,Closed,,The Police Department responded to the complaint and took action to fix the condition.,1/31/25 0:39,02 BROOKLYN,35,Precinct 88,3019690033,BROOKLYN,"995,170","189,142",PHONE,Unspecified,BROOKLYN,,,,,,,,40.68582113,-73.96062592,POINT (-73.960625916768 40.685821131652)
63932524,1/30/25 23:22,1/31/25 0:48,NYPD,New York City Police Department,Noise - Residential,Banging/Pounding,,Residential Building/House,11221,1085 WILLOUGHBY AVENUE,WILLOUGHBY AVENUE,CENTRAL AVENUE,WILSON AVENUE,CENTRAL AVENUE,WILSON AVENUE,ADDRESS,BROOKLYN,WILLOUGHBY AVENUE,,Closed,,The Police Department responded to the complaint and took action to fix the condition.,1/31/25 0:48,04 BROOKLYN,34,Precinct 83,3031960038,BROOKLYN,"1,004,624","194,489",PHONE,Unspecified,BROOKLYN,,,,,,,,40.70048069,-73.92652161,POINT (-73.926521608303 40.700480691977)
63938342,1/30/25 23:22,1/31/25 4:51,NYPD,New York City Police Department,Noise - Residential,Loud Music/Party,,Residential Building/House,11355,43-16 COLDEN STREET,COLDEN STREET,CHERRY AVENUE,ELDER AVENUE,CHERRY AVENUE,ELDER AVENUE,ADDRESS,FLUSHING,COLDEN STREET,,Closed,,The Police Department responded to the complaint and took action to fix the condition.,1/31/25 4:51,07 QUEENS,20,Precinct 109,4051410008,QUEENS,"1,032,695","213,539",MOBILE,Unspecified,QUEENS,,,,,,,,40.75265905,-73.8251472,POINT (-73.825147204248 40.752659048571)
63938083,1/30/25 23:22,1/31/25 0:35,DOT,Department of Transportation,Traffic Signal Condition,Controller,Operating Improperly,,10128,,,,,YORK AVENUE,EAST 92 STREET,INTERSECTION,MANHATTAN,,N/A,Closed,,"Service Request status for this request is available on the Department of Transportation's website. Please click the ""Learn More"" link below.",1/31/25 0:35,08 MANHATTAN,5,Precinct 19,,MANHATTAN,"999,660","223,370",UNKNOWN,Unspecified,MANHATTAN,,,,,,,,40.77976188,-73.944358,POINT (-73.944357999801 40.77976187522)
63940917,1/30/25 23:21,1/31/25 10:13,NYPD,New York City Police Department,Illegal Parking,Posted Parking Sign Violation,,Street/Sidewalk,11226,485 EAST   23 STREET,EAST   23 STREET,STEPHENS COURT,FOSTER AVENUE,STEPHENS COURT,FOSTER AVENUE,ADDRESS,BROOKLYN,EAST   23 STREET,,Closed,,The Police Department responded and upon arrival those responsible for the condition were gone.,1/31/25 10:13,14 BROOKLYN,45,Precinct 70,3052240164,BROOKLYN,"996,523","171,770",ONLINE,Unspecified,BROOKLYN,,,,,,,,40.63813706,-73.95577905,POINT (-73.955779046352 40.63813706365)
63935445,1/30/25 23:21,3/14/25 20:48,DOHMH,Department of Health and Mental Hygiene,Smoking or Vaping,Allowed in Smoke Free Area,Cannabis Smoking or Vaping,Residential Building,10451,562 MORRIS AVENUE,MORRIS AVENUE,EAST  149 STREET,EAST  150 STREET,EAST  149 STREET,EAST  150 STREET,ADDRESS,BRONX,MORRIS AVENUE,,Closed,,"The NYC Health Department has responded to your service request. For inspection results, please call (212) 676-1600 or email infobfscs@health.nyc.gov to request an inspection report. This service request has been closed.",3/14/25 20:48,01 BRONX,17,Precinct 40,2023310007,BRONX,"1,005,703","237,286",PHONE,Unspecified,BRONX,,,,,,,,40.81794489,-73.92249365,POINT (-73.922493653776 40.817944885195)
63935078,1/30/25 23:20,1/31/25 0:13,NYPD,New York City Police Department,Noise - Residential,Banging/Pounding,,Residential Building/House,11207,195 COZINE AVENUE,COZINE AVENUE,VERMONT STREET,VAN SICLEN AVENUE,VERMONT STREET,VAN SICLEN AVENUE,ADDRESS,BROOKLYN,COZINE AVENUE,,Closed,,The Police Department responded to the complaint and with the information available observed no evidence of the violation at that time.,1/31/25 0:13,05 BROOKLYN,42,Precinct 75,3043930001,BROOKLYN,"1,016,106","177,957",ONLINE,Unspecified,BROOKLYN,,,,,,,,40.65507024,-73.88519021,POINT (-73.885190206035 40.655070244286)
63934330,1/30/25 23:20,1/31/25 14:43,NYPD,New York City Police Department,Noise - Residential,Loud Music/Party,,Residential Building/House,10455,430 EAST  154 STREET,EAST  154 STREET,MELROSE AVENUE,ELTON AVENUE,MELROSE AVENUE,ELTON AVENUE,ADDRESS,BRONX,EAST  154 STREET,,Closed,,The Police Department responded to the complaint and with the information available observed no evidence of the violation at that time.,1/31/25 14:43,01 BRONX,17,Precinct 40,2023750018,BRONX,"1,007,710","237,770",ONLINE,Unspecified,BRONX,,,,,,,,40.81926823,-73.91524099,POINT (-73.915240987877 40.819268226357)
63933847,1/30/25 23:20,1/31/25 22:25,NYPD,New York City Police Department,Illegal Parking,Blocked Crosswalk,,Street/Sidewalk,11103,25-03 36 STREET,36 STREET,ASTORIA BOULEVARD SOUTH,28 AVENUE,ASTORIA BOULEVARD SOUTH,28 AVENUE,ADDRESS,ASTORIA,36 STREET,,Closed,,The Police Department responded and upon arrival those responsible for the condition were gone.,1/31/25 22:25,01 QUEENS,22,Precinct 114,4006520038,QUEENS,"1,008,012","219,423",MOBILE,Unspecified,QUEENS,,,,,,,,40.76890989,-73.9142148,POINT (-73.914214802861 40.768909892686)
63931177,1/30/25 23:20,1/31/25 1:21,NYPD,New York City Police Department,Noise - Residential,Loud Music/Party,,Residential Building/House,10018,480 10 AVENUE,10 AVENUE,WEST   36 STREET,WEST   37 STREET,WEST   36 STREET,WEST   37 STREET,ADDRESS,NEW YORK,10 AVENUE,,Closed,,The Police Department responded to the complaint and took action to fix the condition.,1/31/25 1:21,04 MANHATTAN,3,Precinct 10,1007340066,MANHATTAN,"984,844","214,831",ONLINE,Unspecified,MANHATTAN,,,,,,,,40.75633795,-73.99785596,POINT (-73.997855955661 40.756337950262)
63932074,1/30/25 23:20,2/5/25 10:08,HPD,Department of Housing Preservation and Development,UNSANITARY CONDITION,GARBAGE/RECYCLING STORAGE,ACCUMULATION,RESIDENTIAL BUILDING,10452,957 WOODYCREST AVENUE,WOODYCREST AVENUE,,,,,ADDRESS,BRONX,,,Closed,,HPD conducted an inspection of this complaint. The conditions observed by the inspector did not violate the housing laws enforced by HPD. The complaint has been closed.,2/5/25 0:00,04 BRONX,8,Precinct 44,2025110068,BRONX,"1,003,936","242,233",PHONE,Unspecified,BRONX,,,,,,,,40.8315271,-73.92886303,POINT (-73.928863032215 40.831527104823)
63933471,1/30/25 23:20,1/31/25 17:54,DEP,Department of Environmental Protection,Noise,Noise: Construction Equipment (NC1),NC1,,10171,295 PARK AVENUE,PARK AVENUE,E 48 ST,E 49 ST,,,ADDRESS,NEW YORK,,N/A,Closed,,The Department of Environmental Protection determined that this complaint is a duplicate of a previously filed complaint. The original complaint is being addressed.,1/31/25 17:54,05 MANHATTAN,4,Precinct 18,,MANHATTAN,"991,291","214,829",PHONE,Unspecified,MANHATTAN,,,,,,,,40.75632968,-73.9745855,POINT (-73.974585497428 40.756329677244)
63936115,1/30/25 23:20,1/31/25 11:00,DEP,Department of Environmental Protection,Air Quality,"Air: Odor/Fumes, Vehicle Idling (AD3)",AD3,,11691,11-07 REDFERN AVENUE,REDFERN AVENUE,NASSAU CNTY BNDY,BEACH 11 ST,,,ADDRESS,FAR ROCKAWAY,,N/A,Closed,,"The Department of Environmental Protection (DEP) didn't observe a violation of the NYC Air or Noise Code at the time of inspection and couldn't issue a summons.  If the problem still exists, please go to nyc.gov/311 or call 311 to file a new Service Request. If you're outside of New York City, please call (212) NEW-YORK (212-639-9675).",1/31/25 11:00,14 QUEENS,31,Precinct 101,4155030002,QUEENS,"1,054,481","162,225",PHONE,Unspecified,QUEENS,,,,,,,,40.61166822,-73.74705006,POINT (-73.747050062511 40.611668216995)
63950095,1/30/25 23:20,1/31/25 7:10,DSNY,Department of Sanitation,Derelict Vehicles,Derelict Vehicles,,Street,10314,531-02 WILLOW ROAD EAST,WILLOW ROAD EAST,CASWELL AVENUE,NINA AVENUE,,,ADDRESS,STATEN ISLAND,,DSNY Garage,Closed,,The owner claimed the vehicle.Â Your request is now closed and no further action will be taken.,1/31/25 12:00,01 STATEN ISLAND,50,Precinct 121,5015257503,STATEN ISLAND,"942,157","162,355",PHONE,Unspecified,STATEN ISLAND,,,,,,,,40.61220338,-74.15160681,POINT (-74.151606806035 40.612203384675)
63937617,1/30/25 23:19,1/31/25 0:31,NYPD,New York City Police Department,Blocked Driveway,No Access,,Street/Sidewalk,10452,1401 EDWARD L GRANT HIGHWAY,EDWARD L GRANT HIGHWAY,SHAKESPEARE AVENUE,NELSON AVENUE,SHAKESPEARE AVENUE,NELSON AVENUE,ADDRESS,BRONX,EDWARD L GRANT HIGHWAY,,Closed,,The Police Department responded to the complaint and determined that police action was not necessary.,1/31/25 0:31,04 BRONX,16,Precinct 44,2025200045,BRONX,"1,005,824","245,743",PHONE,Unspecified,BRONX,,,,,,,,40.84115663,-73.9220293,POINT (-73.92202930377 40.841156625016)
63939742,1/30/25 23:19,1/31/25 0:41,NYPD,New York City Police Department,Illegal Parking,Commercial Overnight Parking,,Street/Sidewalk,11228,156 BAY    8 STREET,BAY    8 STREET,BENSON AVENUE,BATH AVENUE,BENSON AVENUE,BATH AVENUE,ADDRESS,BROOKLYN,BAY    8 STREET,,Closed,,The Police Department issued a summons in response to the complaint.,1/31/25 0:41,11 BROOKLYN,50,Precinct 62,3063920073,BROOKLYN,"980,547","161,118",MOBILE,Unspecified,BROOKLYN,,,,,,,,40.60890728,-74.01333647,POINT (-74.013336469407 40.608907281324)
63934850,1/30/25 23:19,3/7/25 2:22,DSNY,Department of Sanitation,Graffiti,Graffiti,,Residential,11222,47 DRIGGS AVENUE,DRIGGS AVENUE,,,,,ADDRESS,BROOKLYN,,N/A,Closed,2/5/25 6:30,,3/7/25 2:22,01 BROOKLYN,33,Precinct 94,3027060016,BROOKLYN,"1,000,669","202,838",UNKNOWN,Unspecified,BROOKLYN,,,,,,,,40.72340493,-73.94076486,POINT (-73.940764864297 40.723404927091)
63935200,1/30/25 23:19,1/31/25 0:12,NYPD,New York City Police Department,Noise - Residential,Loud Music/Party,,Residential Building/House,11691,18-15 EVERDELL AVENUE,EVERDELL AVENUE,GATEWAY BOULEVARD,BEACH   19 STREET,GATEWAY BOULEVARD,BEACH   19 STREET,ADDRESS,FAR ROCKAWAY,EVERDELL AVENUE,,Closed,,The Police Department responded to the complaint but officers were unable to gain entry into the premises.,1/31/25 0:12,14 QUEENS,31,Precinct 101,4155670014,QUEENS,"1,053,443","158,282",PHONE,Unspecified,QUEENS,,,,,,,,40.6008537,-73.75082899,POINT (-73.750828987204 40.600853697833)
63931552,1/30/25 23:19,1/31/25 4:22,NYPD,New York City Police Department,Illegal Parking,Blocked Hydrant,,Street/Sidewalk,11214,1951 19 LANE,19 LANE,19 AVENUE,BEND,19 AVENUE,BEND,ADDRESS,BROOKLYN,19 LANE,,Closed,,The Police Department responded to the complaint and with the information available observed no evidence of the violation at that time.,1/31/25 4:22,11 BROOKLYN,47,Precinct 62,3064650049,BROOKLYN,"982,746","157,603",MOBILE,Unspecified,BROOKLYN,,,,,,,,40.59925997,-74.00541592,POINT (-74.005415920007 40.599259968545)
63931233,1/30/25 23:19,1/31/25 0:47,NYPD,New York City Police Department,Noise - Residential,Banging/Pounding,,Residential Building/House,10027,200 WEST  131 STREET,WEST  131 STREET,ADAM CLAYTON POWELL JR BOULEVARD,FREDERICK DOUGLASS BOULEVARD,ADAM CLAYTON POWELL JR BOULEVARD,FREDERICK DOUGLASS BOULEVARD,ADDRESS,NEW YORK,WEST  131 STREET,,Closed,,The Police Department responded to the complaint and with the information available observed no evidence of the violation at that time.,1/31/25 0:47,10 MANHATTAN,9,Precinct 32,1019330050,MANHATTAN,"999,270","235,411",ONLINE,Unspecified,MANHATTAN,,,,,,,,40.81281182,-73.94573927,POINT (-73.945739269275 40.812811816329)
63932121,1/30/25 23:18,2/4/25 19:26,HPD,Department of Housing Preservation and Development,WATER LEAK,HEAVY FLOW,AT WALL OR CEILING,RESIDENTIAL BUILDING,11214,8320 BAY PARKWAY,BAY PARKWAY,,,,,ADDRESS,BROOKLYN,,,Closed,,The Department of Housing Preservation and Development inspected the following conditions. No violations were issued. The complaint has been closed.,2/4/25 0:00,11 BROOKLYN,43,Precinct 62,3063300038,BROOKLYN,"986,411","159,145",ONLINE,Unspecified,BROOKLYN,,,,,,,,40.60349231,-73.99221772,POINT (-73.992217722695 40.603492309662)
63941056,1/30/25 23:18,1/30/25 23:39,NYPD,New York City Police Department,Illegal Parking,Posted Parking Sign Violation,,Street/Sidewalk,11205,14 AUBURN PLACE,AUBURN PLACE,ST EDWARDS STREET,NORTH ELLIOTT PLACE,ST EDWARDS STREET,NORTH ELLIOTT PLACE,ADDRESS,BROOKLYN,AUBURN PLACE,,Closed,,The Police Department responded to the complaint and took action to fix the condition.,1/30/25 23:39,02 BROOKLYN,35,Precinct 88,3020400001,BROOKLYN,"990,600","192,236",PHONE,Unspecified,BROOKLYN,,,,,,,,40.69431791,-73.97710098,POINT (-73.97710098115 40.694317907496)
63940366,1/30/25 23:18,1/31/25 0:45,NYPD,New York City Police Department,Noise - Residential,Loud Music/Party,,Residential Building/House,11419,130-04 101 AVENUE,101 AVENUE,130 STREET,131 STREET,130 STREET,131 STREET,ADDRESS,SOUTH RICHMOND HILL,101 AVENUE,,Closed,,The Police Department responded to the complaint and took action to fix the condition.,1/31/25 0:45,09 QUEENS,29,Precinct 102,4094980002,QUEENS,"1,035,026","191,636",ONLINE,Unspecified,QUEENS,,,,,,,,40.69252767,-73.81689918,POINT (-73.816899181841 40.692527666452)
63934155,1/30/25 23:18,1/31/25 2:17,NYPD,New York City Police Department,Illegal Parking,Blocked Sidewalk,,Street/Sidewalk,10463,27 FORT CHARLES PLACE,FORT CHARLES PLACE,JACOBUS PLACE,MARBLE HILL AVENUE,JACOBUS PLACE,MARBLE HILL AVENUE,ADDRESS,BRONX,FORT CHARLES PLACE,,Closed,,The Police Department issued a summons in response to the complaint.,1/31/25 2:17,08 BRONX,10,Precinct 50,1022150457,BRONX,"1,008,980","258,416",ONLINE,Unspecified,BRONX,,,,,,,,40.87593192,-73.91057644,POINT (-73.910576440084 40.875931915389)
63938353,1/30/25 23:18,1/31/25 2:31,NYPD,New York City Police Department,Illegal Parking,Commercial Overnight Parking,,Street/Sidewalk,11417,77-01 SUTTER AVENUE,SUTTER AVENUE,77 STREET,78 STREET,77 STREET,78 STREET,ADDRESS,OZONE PARK,SUTTER AVENUE,,Closed,,The Police Department responded to the complaint and determined that police action was not necessary.,1/31/25 2:31,10 QUEENS,32,Precinct 106,4091360227,QUEENS,"1,023,317","185,088",ONLINE,Unspecified,QUEENS,,,,,,,,40.67461435,-73.85916031,POINT (-73.859160307231 40.674614354874)
63935235,1/30/25 23:17,1/31/25 0:30,NYPD,New York City Police Department,Noise - Residential,Loud Talking,,Residential Building/House,10001,42 WEST   33 STREET,WEST   33 STREET,5 AVENUE,BROADWAY,5 AVENUE,BROADWAY,ADDRESS,NEW YORK,WEST   33 STREET,,Closed,,The Police Department responded to the complaint and with the information available observed no evidence of the violation at that time.,1/31/25 0:30,05 MANHATTAN,4,Precinct 14,1008340069,MANHATTAN,"987,835","212,014",MOBILE,Unspecified,MANHATTAN,,,,,,,,40.74860529,-73.98706144,POINT (-73.98706143637 40.748605292053)
63933791,1/30/25 23:17,1/31/25 0:42,NYPD,New York City Police Department,Noise - Residential,Loud Music/Party,,Residential Building/House,10026,444 MANHATTAN AVENUE,MANHATTAN AVENUE,WEST  118 STREET,WEST  119 STREET,WEST  118 STREET,WEST  119 STREET,ADDRESS,NEW YORK,MANHATTAN AVENUE,,Closed,,The Police Department responded to the complaint and determined that police action was not necessary.,1/31/25 0:43,10 MANHATTAN,9,Precinct 28,1019457503,MANHATTAN,"996,567","233,226",ONLINE,Unspecified,MANHATTAN,,,,,,,,40.80681878,-73.95550804,POINT (-73.955508040608 40.806818780221)
63933696,1/30/25 23:17,1/31/25 0:45,NYPD,New York City Police Department,Noise - Residential,Banging/Pounding,,Residential Building/House,10027,200 WEST  131 STREET,WEST  131 STREET,ADAM CLAYTON POWELL JR BOULEVARD,FREDERICK DOUGLASS BOULEVARD,ADAM CLAYTON POWELL JR BOULEVARD,FREDERICK DOUGLASS BOULEVARD,ADDRESS,NEW YORK,WEST  131 STREET,,Closed,,The Police Department responded to the complaint and with the information available observed no evidence of the violation at that time.,1/31/25 0:45,10 MANHATTAN,9,Precinct 32,1019330050,MANHATTAN,"999,270","235,411",ONLINE,Unspecified,MANHATTAN,,,,,,,,40.81281182,-73.94573927,POINT (-73.945739269275 40.812811816329)
63937792,1/30/25 23:17,1/31/25 1:28,NYPD,New York City Police Department,Noise - Residential,Banging/Pounding,,Residential Building/House,11237,284 COOPER STREET,COOPER STREET,KNICKERBOCKER AVENUE,IRVING AVENUE,KNICKERBOCKER AVENUE,IRVING AVENUE,ADDRESS,BROOKLYN,COOPER STREET,,Closed,,The Police Department responded to the complaint but officers were unable to gain entry into the premises.,1/31/25 1:28,04 BROOKLYN,37,Precinct 83,3034430021,BROOKLYN,"1,011,012","191,290",ONLINE,Unspecified,BROOKLYN,,,,,,,,40.69168317,-73.90349615,POINT (-73.903496150638 40.691683172234)
63938280,1/30/25 23:17,1/31/25 4:58,NYPD,New York City Police Department,Blocked Driveway,Partial Access,,Street/Sidewalk,11385,1535 SCHAEFER STREET,SCHAEFER STREET,DEAD END,WYCKOFF AVENUE,DEAD END,WYCKOFF AVENUE,ADDRESS,RIDGEWOOD,SCHAEFER STREET,,Closed,,The Police Department issued a summons in response to the complaint.,1/31/25 4:58,05 QUEENS,34,Precinct 104,4035400042,QUEENS,"1,011,095","192,284",MOBILE,Unspecified,QUEENS,,,,,,,,40.69441122,-73.90319289,POINT (-73.90319289142 40.694411219343)
63932589,1/30/25 23:17,1/31/25 1:36,NYPD,New York City Police Department,Noise - Street/Sidewalk,Loud Talking,,Street/Sidewalk,10453,1728 TOWNSEND AVENUE,TOWNSEND AVENUE,CLIFFORD PLACE,EAST  175 STREET,CLIFFORD PLACE,EAST  175 STREET,ADDRESS,BRONX,TOWNSEND AVENUE,,Closed,,The Police Department responded to the complaint and determined that police action was not necessary.,1/31/25 1:36,05 BRONX,14,Precinct 46,2028490063,BRONX,"1,008,668","247,846",PHONE,Unspecified,BRONX,,,,,,,,40.84692133,-73.91174314,POINT (-73.911743138671 40.846921334735)
63939015,1/30/25 23:17,1/30/25 23:17,DOT,Department of Transportation,Street Condition,Pothole,,,11385,MYRTLE AVENUE,MYRTLE AVENUE,80 STREET,81 STREET,,,BLOCKFACE,QUEENS,,N/A,Closed,,The Department of Transportation determined that this complaint is a duplicate of a previously filed complaint. The original complaint is being addressed.,1/30/25 23:17,05 QUEENS,,Precinct 104,,QUEENS,,,UNKNOWN,Unspecified,QUEENS,,,,,,,,,,
63939963,1/30/25 23:17,1/31/25 8:04,DEP,Department of Environmental Protection,Water System,Leak (Use Comments) (WA2),WA2,,11236,26 PAERDEGAT    2 STREET,PAERDEGAT    2 STREET,PAERDEGAT AVE N,E 80 ST,,,ADDRESS,BROOKLYN,,,Closed,,The Department of Environmental Protection determined that this complaint is a duplicate of a previously filed complaint. The original complaint is being addressed.,1/31/25 8:04,18 BROOKLYN,46,Precinct 69,3080300018,BROOKLYN,"1,008,729","169,624",PHONE,Unspecified,BROOKLYN,,,,,,,,40.63222143,-73.91180731,POINT (-73.911807308132 40.632221429591)
63934387,1/30/25 23:16,1/31/25 3:14,NYPD,New York City Police Department,Noise - Residential,Loud Music/Party,,Residential Building/House,10128,1696 2 AVENUE,2 AVENUE,EAST   87 STREET,EAST   88 STREET,EAST   87 STREET,EAST   88 STREET,ADDRESS,NEW YORK,2 AVENUE,,Closed,,The Police Department responded to the complaint and with the information available observed no evidence of the violation at that time.,1/31/25 3:14,08 MANHATTAN,5,Precinct 19,1015500050,MANHATTAN,"997,851","223,102",ONLINE,Unspecified,MANHATTAN,,,,,,,,40.77902925,-73.95089043,POINT (-73.950890427834 40.77902925496)
63937392,1/30/25 23:16,1/31/25 7:45,DOT,Department of Transportation,Street Condition,Pothole,,,11367,,,,,MAIN STREET,UNION TURNPIKE,INTERSECTION,QUEENS,,N/A,Closed,,The Department of Transportation inspected this complaint and repaired the problem.,1/31/25 7:45,08 QUEENS,24,Precinct 107,,QUEENS,"1,034,944","200,799",UNKNOWN,Unspecified,QUEENS,,,,,,,,40.71767836,-73.8171259,POINT (-73.817125895927 40.717678358843)
63937554,1/30/25 23:16,1/31/25 14:22,DSNY,Department of Sanitation,Litter Basket Complaint,Overflowing,N/A,Street,11223,2829 86 STREET,86 STREET,SEA BEACH LINE,WEST    7 STREET,SEA BEACH LINE,WEST    7 STREET,ADDRESS,BROOKLYN,86 STREET,,Closed,,The Department of Sanitation cleaned the location.,1/31/25 7:23,15 BROOKLYN,47,Precinct 61,,BROOKLYN,"990,343","155,105",ONLINE,Unspecified,BROOKLYN,,,,,,,,40.5924015,-73.9780613,POINT (-73.978061295459 40.592401495272)
63931555,1/30/25 23:16,1/31/25 1:54,NYPD,New York City Police Department,Illegal Parking,Commercial Overnight Parking,,Street/Sidewalk,11434,120-09 LAKEVIEW BOULEVARD EAST,LAKEVIEW BOULEVARD EAST,120 AVENUE,121 AVENUE,120 AVENUE,121 AVENUE,ADDRESS,JAMAICA,LAKEVIEW BOULEVARD EAST,,Closed,,The Police Department issued a summons in response to the complaint.,1/31/25 1:54,12 QUEENS,28,Precinct 113,4122500010,QUEENS,"1,044,077","186,794",ONLINE,Unspecified,QUEENS,,,,,,,,40.67918097,-73.78430394,POINT (-73.784303935071 40.67918096826)
63941102,1/30/25 23:16,1/31/25 1:22,NYPD,New York City Police Department,Noise - Residential,Loud Television,,Residential Building/House,10033,572 WEST  187 STREET,WEST  187 STREET,AUDUBON AVENUE,ST NICHOLAS AVENUE,AUDUBON AVENUE,ST NICHOLAS AVENUE,ADDRESS,NEW YORK,WEST  187 STREET,,Closed,,The Police Department responded to the complaint and with the information available observed no evidence of the violation at that time.,1/31/25 1:22,12 MANHATTAN,10,Precinct 34,1021570081,MANHATTAN,"1,003,521","249,975",MOBILE,Unspecified,MANHATTAN,,,,,,,,40.85277754,-73.93034042,POINT (-73.930340420439 40.852777541387)
63937757,1/30/25 23:15,1/31/25 0:27,NYPD,New York City Police Department,Noise - Commercial,Loud Music/Party,,Store/Commercial,11206,253 BUSHWICK AVENUE,BUSHWICK AVENUE,MONTROSE AVENUE,JOHNSON AVENUE,MONTROSE AVENUE,JOHNSON AVENUE,ADDRESS,BROOKLYN,BUSHWICK AVENUE,,Closed,,The Police Department responded to the complaint and took action to fix the condition.,1/31/25 0:28,01 BROOKLYN,34,Precinct 90,3030640027,BROOKLYN,"1,000,949","196,975",MOBILE,Unspecified,BROOKLYN,,,,,,,,40.70731187,-73.93976925,POINT (-73.939769247221 40.70731187412)
63935016,1/30/25 23:15,1/31/25 22:23,NYPD,New York City Police Department,Illegal Parking,Blocked Crosswalk,,Street/Sidewalk,11103,25-31 36 STREET,36 STREET,ASTORIA BOULEVARD SOUTH,28 AVENUE,ASTORIA BOULEVARD SOUTH,28 AVENUE,ADDRESS,ASTORIA,36 STREET,,Closed,,The Police Department responded and upon arrival those responsible for the condition were gone.,1/31/25 22:23,01 QUEENS,22,Precinct 114,4006520027,QUEENS,"1,008,007","219,414",MOBILE,Unspecified,QUEENS,,,,,,,,40.7688852,-73.91423289,POINT (-73.914232885583 40.768885203476)
63933636,1/30/25 23:15,1/30/25 23:15,DOT,Department of Transportation,Street Condition,Pothole,,,11385,MYRTLE AVENUE,MYRTLE AVENUE,80 STREET,81 STREET,,,BLOCKFACE,QUEENS,,N/A,Closed,,The Department of Transportation determined that this complaint is a duplicate of a previously filed complaint. The original complaint is being addressed.,1/30/25 23:15,05 QUEENS,,Precinct 104,,QUEENS,,,UNKNOWN,Unspecified,QUEENS,,,,,,,,,,
63938983,1/30/25 23:15,1/31/25 0:02,NYPD,New York City Police Department,Noise - Street/Sidewalk,Loud Music/Party,,Street/Sidewalk,10003,2 ST MARKS PLACE,ST MARKS PLACE,3 AVENUE,2 AVENUE,3 AVENUE,2 AVENUE,ADDRESS,NEW YORK,ST MARKS PLACE,,Closed,,The Police Department responded to the complaint and took action to fix the condition.,1/31/25 0:02,03 MANHATTAN,2,Precinct 9,1004630007,MANHATTAN,"987,133","205,020",MOBILE,Unspecified,MANHATTAN,,,,,,,,40.72940875,-73.98959801,POINT (-73.989598010247 40.729408753815)
63935363,1/30/25 23:15,1/31/25 13:08,HPD,Department of Housing Preservation and Development,HEAT/HOT WATER,APARTMENT ONLY,NO HEAT AND NO HOT WATER,RESIDENTIAL BUILDING,10466,4432 EDSON AVENUE,EDSON AVENUE,,,,,ADDRESS,BRONX,,,Closed,,HPD called the telephone number on file for this complaint.  Someone at that number indicated that the condition was corrected. The complaint has been closed. Please submit a new service request with 311 if the condition still exists.,1/31/25 0:00,12 BRONX,11,Precinct 47,2050940020,BRONX,"1,026,465","267,194",MOBILE,Unspecified,BRONX,,,,,,,,40.89995842,-73.84729553,POINT (-73.8472955335 40.899958416484)
63939419,1/30/25 23:15,1/31/25 22:47,NYPD,New York City Police Department,Noise - Residential,Loud Talking,,Residential Building/House,10451,562 MORRIS AVENUE,MORRIS AVENUE,EAST  149 STREET,EAST  150 STREET,EAST  149 STREET,EAST  150 STREET,ADDRESS,BRONX,MORRIS AVENUE,,Closed,,The Police Department responded to the complaint and with the information available observed no evidence of the violation at that time.,1/31/25 22:47,01 BRONX,17,Precinct 40,2023310007,BRONX,"1,005,703","237,286",PHONE,Unspecified,BRONX,,,,,,,,40.81794489,-73.92249365,POINT (-73.922493653776 40.817944885195)
63932532,1/30/25 23:15,1/30/25 23:39,NYPD,New York City Police Department,Noise - Residential,Banging/Pounding,,Residential Building/House,11201,177 SANDS STREET,SANDS STREET,BQE WESTBOUND ENTRANCE SANDS ST,BIKE PATH,BQE WESTBOUND ENTRANCE SANDS ST,BIKE PATH,ADDRESS,BROOKLYN,SANDS STREET,,Closed,,The Police Department responded to the complaint and with the information available observed no evidence of the violation at that time.,1/30/25 23:39,02 BROOKLYN,35,Precinct 84,3000680001,BROOKLYN,"988,793","194,233",ONLINE,Unspecified,BROOKLYN,,,,,,,,40.69980032,-73.98361594,POINT (-73.983615937489 40.699800319892)
63946280,1/30/25 23:15,1/31/25 12:57,DSNY,Department of Sanitation,Derelict Vehicles,Derelict Vehicles,,Street,11420,109-02 113 STREET,113 STREET,109 AVENUE,111 AVENUE,,,ADDRESS,SOUTH OZONE PARK,,,Closed,,The vehicle you reported exceeds the monetary value eligible for collection as junk. The Department of Sanitation has forwarded the request to the NYPD for further action.,1/31/25 12:00,10 QUEENS,28,Precinct 106,4115930006,QUEENS,"1,032,215","187,271",PHONE,Unspecified,QUEENS,,,,,,,,40.68056245,-73.82706684,POINT (-73.827066837016 40.680562445518)
63938979,1/30/25 23:14,1/31/25 0:43,NYPD,New York City Police Department,Noise - Residential,Loud Music/Party,,Residential Building/House,11423,99 AVENUE,99 AVENUE,99 AVENUE,197 STREET,99 AVENUE,197 STREET,INTERSECTION,,,,Closed,,The Police Department responded to the complaint and took action to fix the condition.,1/31/25 0:43,12 QUEENS,27,Precinct 103,,QUEENS,"1,050,080","198,372",PHONE,Unspecified,QUEENS,,,,,,,,40.71091717,-73.76254809,POINT (-73.762548089382 40.710917168402)
63931082,1/30/25 23:14,1/30/25 23:14,DOT,Department of Transportation,Street Condition,Pothole,,,11385,MYRTLE AVENUE,MYRTLE AVENUE,80 STREET,81 STREET,,,BLOCKFACE,QUEENS,,N/A,Closed,,The Department of Transportation determined that this complaint is a duplicate of a previously filed complaint. The original complaint is being addressed.,1/30/25 23:14,05 QUEENS,,Precinct 104,,QUEENS,,,UNKNOWN,Unspecified,QUEENS,,,,,,,,,,
63933049,1/30/25 23:14,1/30/25 23:55,NYPD,New York City Police Department,Illegal Parking,Blocked Hydrant,,Street/Sidewalk,11233,393 HALSEY STREET,HALSEY STREET,MARCUS GARVEY BOULEVARD,LEWIS AVENUE,MARCUS GARVEY BOULEVARD,LEWIS AVENUE,ADDRESS,BROOKLYN,HALSEY STREET,,Closed,,The Police Department responded and upon arrival those responsible for the condition were gone.,1/30/25 23:55,03 BROOKLYN,36,Precinct 81,3016590168,BROOKLYN,"1,001,782","188,234",MOBILE,Unspecified,BROOKLYN,,,,,,,,40.68331825,-73.9367875,POINT (-73.936787495007 40.683318252422)
63939403,1/30/25 23:13,2/3/25 10:43,TLC,Taxi and Limousine Commission,Lost Property,Electronics/Phones,Cell Phone,Taxi,10001,408 8 AVENUE,8 AVENUE,WEST   30 STREET,WEST   31 STREET,WEST   30 STREET,WEST   31 STREET,ADDRESS,NEW YORK,8 AVENUE,,Closed,,See notes for information.,2/3/25 10:43,05 MANHATTAN,3,Precinct 14,1007807501,MANHATTAN,"985,607","212,494",ONLINE,Unspecified,MANHATTAN,,,"408 8 AVENUE, MANHATTAN (NEW YORK), NY, 10001",,,,,40.74992339,-73.99510238,POINT (-73.995102377074 40.749923393659)
63932835,1/30/25 23:13,1/31/25 3:10,NYPD,New York City Police Department,Illegal Parking,Blocked Hydrant,,Street/Sidewalk,11385,64-11 PALMETTO STREET,PALMETTO STREET,64 STREET,TRAFFIC AVENUE,64 STREET,TRAFFIC AVENUE,ADDRESS,RIDGEWOOD,PALMETTO STREET,,Closed,,The Police Department responded to the complaint and took action to fix the condition.,1/31/25 3:10,05 QUEENS,30,Precinct 104,4036160032,QUEENS,"1,013,219","197,617",MOBILE,Unspecified,QUEENS,,,,,,,,40.70904235,-73.89551049,POINT (-73.895510494665 40.709042346763)
63937762,1/30/25 23:12,1/30/25 23:36,NYPD,New York City Police Department,Noise - Residential,Banging/Pounding,,Residential Building/House,10001,330 WEST   30 STREET,WEST   30 STREET,8 AVENUE,9 AVENUE,8 AVENUE,9 AVENUE,ADDRESS,NEW YORK,WEST   30 STREET,,Closed,,The Police Department responded to the complaint and determined that police action was not necessary.,1/30/25 23:36,04 MANHATTAN,3,Precinct 14,1007530056,MANHATTAN,"985,267","212,563",PHONE,Unspecified,MANHATTAN,,,,,,,,40.75011283,-73.99632948,POINT (-73.996329479235 40.750112826888)
63935409,1/30/25 23:12,2/3/25 18:47,HPD,Department of Housing Preservation and Development,HEAT/HOT WATER,ENTIRE BUILDING,NO HEAT,RESIDENTIAL BUILDING,11368,98-17 HORACE HARDING EXPRESSWAY,HORACE HARDING EXPRESSWAY,,,,,ADDRESS,CORONA,,,Closed,,"This complaint is a duplicate of a building-wide condition already reported by another tenant.  The original complaint is still open, and HPD may only need to confirm that the condition exists by inspecting one apartment.  If we cannot contact the tenant from the original complaint or get access to that apartment, HPD may attempt to contact the person who filed this complaint to verify the correction of the condition or may conduct an inspection of your unit. You can check HPDONLINE to see if a",2/3/25 0:00,04 QUEENS,21,Precinct 110,4019180095,QUEENS,"1,022,940","207,277",PHONE,Unspecified,QUEENS,,,,,,,,40.73551951,-73.86039193,POINT (-73.860391931452 40.735519510667)
63932409,1/30/25 23:12,1/30/25 23:57,NYPD,New York City Police Department,Noise - Residential,Banging/Pounding,,Residential Building/House,11231,754 HENRY STREET,HENRY STREET,MILL STREET,CENTRE MALL,MILL STREET,CENTRE MALL,ADDRESS,BROOKLYN,HENRY STREET,,Closed,,The Police Department responded to the complaint and took action to fix the condition.,1/30/25 23:57,06 BROOKLYN,38,Precinct 76,3005380001,BROOKLYN,"983,234","185,303",MOBILE,Unspecified,BROOKLYN,,,,,,,,40.67529063,-74.0036628,POINT (-74.003662797687 40.675290626014)
63936552,1/30/25 23:12,1/30/25 23:34,NYPD,New York City Police Department,Noise - Street/Sidewalk,Loud Music/Party,,Street/Sidewalk,10002,159 LUDLOW STREET,LUDLOW STREET,RIVINGTON STREET,STANTON STREET,RIVINGTON STREET,STANTON STREET,ADDRESS,NEW YORK,LUDLOW STREET,,Closed,,The Police Department responded to the complaint and with the information available observed no evidence of the violation at that time.,1/30/25 23:34,03 MANHATTAN,1,Precinct 7,1004110019,MANHATTAN,"987,613","201,980",MOBILE,Unspecified,MANHATTAN,,,,,,,,40.72106452,-73.98786767,POINT (-73.987867668475 40.721064522614)
63940408,1/30/25 23:12,2/20/25 6:28,HPD,Department of Housing Preservation and Development,GENERAL,COOKING GAS,SHUT-OFF,RESIDENTIAL BUILDING,11429,111-41 208 STREET,208 STREET,,,,,ADDRESS,QUEENS VILLAGE,,,Closed,,An HPD Inspector was not able to gain access to inspect this complaint. The Inspector left a card at the time of the inspection and a letter was sent from HPD after the inspection attempt to encourage you to call to schedule an inspection. HPD did not receive a timely response from you and the complaint has been closed. Please submit a new service request with 311 if the condition still exists.,2/20/25 0:00,13 QUEENS,27,Precinct 105,4109670167,QUEENS,"1,054,023","196,419",PHONE,Unspecified,QUEENS,,,,,,,,40.70552645,-73.74834582,POINT (-73.748345816672 40.705526451956)
63936649,1/30/25 23:12,1/31/25 19:19,HPD,Department of Housing Preservation and Development,HEAT/HOT WATER,APARTMENT ONLY,NO HEAT,RESIDENTIAL BUILDING,11429,111-41 208 STREET,208 STREET,,,,,ADDRESS,QUEENS VILLAGE,,,Closed,,"This complaint is a duplicate of a building-wide condition already reported by another tenant.  The original complaint is still open, and HPD may only need to confirm that the condition exists by inspecting one apartment.  If we cannot contact the tenant from the original complaint or get access to that apartment, HPD may attempt to contact the person who filed this complaint to verify the correction of the condition or may conduct an inspection of your unit. You can check HPDONLINE to see if a",1/31/25 0:00,13 QUEENS,27,Precinct 105,4109670167,QUEENS,"1,054,023","196,419",PHONE,Unspecified,QUEENS,,,,,,,,40.70552645,-73.74834582,POINT (-73.748345816672 40.705526451956)
63940287,1/30/25 23:12,1/30/25 23:12,DOT,Department of Transportation,Street Condition,Pothole,,,11385,MYRTLE AVENUE,MYRTLE AVENUE,80 STREET,81 STREET,,,BLOCKFACE,QUEENS,,N/A,Closed,,The Department of Transportation determined that this complaint is a duplicate of a previously filed complaint. The original complaint is being addressed.,1/30/25 23:12,05 QUEENS,,Precinct 104,,QUEENS,,,UNKNOWN,Unspecified,QUEENS,,,,,,,,,,
63931262,1/30/25 23:11,1/30/25 23:39,NYPD,New York City Police Department,Noise - Residential,Banging/Pounding,,Residential Building/House,11201,177 SANDS STREET,SANDS STREET,BQE WESTBOUND ENTRANCE SANDS ST,BIKE PATH,BQE WESTBOUND ENTRANCE SANDS ST,BIKE PATH,ADDRESS,BROOKLYN,SANDS STREET,,Closed,,The Police Department responded to the complaint and with the information available observed no evidence of the violation at that time.,1/30/25 23:39,02 BROOKLYN,35,Precinct 84,3000680001,BROOKLYN,"988,793","194,233",ONLINE,Unspecified,BROOKLYN,,,,,,,,40.69980032,-73.98361594,POINT (-73.983615937489 40.699800319892)
63936129,1/30/25 23:11,2/3/25 23:53,DEP,Department of Environmental Protection,Noise,Noise: Construction Before/After Hours (NM1),NM1,,10033,4260 BROADWAY,BROADWAY,W 181 ST,W 182 ST,,,ADDRESS,NEW YORK,,N/A,Closed,,The Department of Environmental Protection determined that this complaint is a duplicate of a previously filed complaint. The original complaint is being addressed.,2/3/25 23:53,12 MANHATTAN,10,Precinct 34,1021647501,MANHATTAN,"1,002,047","249,070",ONLINE,Unspecified,MANHATTAN,,,,,,,,40.85029668,-73.93567094,POINT (-73.93567094185 40.850296679687)
63938945,1/30/25 23:10,1/30/25 23:38,NYPD,New York City Police Department,Noise - Residential,Banging/Pounding,,Residential Building/House,11201,177 SANDS STREET,SANDS STREET,BQE WESTBOUND ENTRANCE SANDS ST,BIKE PATH,BQE WESTBOUND ENTRANCE SANDS ST,BIKE PATH,ADDRESS,BROOKLYN,SANDS STREET,,Closed,,The Police Department responded to the complaint and with the information available observed no evidence of the violation at that time.,1/30/25 23:38,02 BROOKLYN,35,Precinct 84,3000680001,BROOKLYN,"988,793","194,233",ONLINE,Unspecified,BROOKLYN,,,,,,,,40.69980032,-73.98361594,POINT (-73.983615937489 40.699800319892)
63934392,1/30/25 23:10,1/31/25 3:21,NYPD,New York City Police Department,Noise - Residential,Banging/Pounding,,Residential Building/House,10467,2528 CRUGER AVENUE,CRUGER AVENUE,MACE AVENUE,ALLERTON AVENUE,MACE AVENUE,ALLERTON AVENUE,ADDRESS,BRONX,CRUGER AVENUE,,Closed,,The Police Department responded to the complaint and with the information available observed no evidence of the violation at that time.,1/31/25 3:21,11 BRONX,13,Precinct 49,2044340014,BRONX,"1,021,211","254,095",MOBILE,Unspecified,BRONX,,,,,,,,40.86402936,-73.8663731,POINT (-73.866373095754 40.864029359644)
63934268,1/30/25 23:09,4/1/25 0:16,DOHMH,Department of Health and Mental Hygiene,Non-Residential Heat,Inadequate or No Heat,N/A,Building (Non-Residential),11204,7402 NEW UTRECHT AVENUE,NEW UTRECHT AVENUE,74 STREET,BAY RIDGE PARKWAY,74 STREET,BAY RIDGE PARKWAY,ADDRESS,BROOKLYN,NEW UTRECHT AVENUE,,Closed,,"The NYC Health Department has responded to your service request. For inspection results, please call (212) 676-1600 or email infobfscs@health.nyc.gov to request an inspection report. This service request has been closed.",4/1/25 0:16,11 BROOKLYN,38,Precinct 62,3062140012,BROOKLYN,"984,317","163,878",ONLINE,Unspecified,BROOKLYN,,,,,,,,40.61648369,-73.99975867,POINT (-73.999758670034 40.616483685938)
63935523,1/30/25 23:09,1/31/25 3:52,NYPD,New York City Police Department,Illegal Parking,Commercial Overnight Parking,,Street/Sidewalk,11214,8721 BAY PARKWAY,BAY PARKWAY,BENSON AVENUE,BATH AVENUE,BENSON AVENUE,BATH AVENUE,ADDRESS,BROOKLYN,BAY PARKWAY,,Closed,,The Police Department responded to the complaint and with the information available observed no evidence of the violation at that time.,1/31/25 3:52,11 BROOKLYN,43,Precinct 62,3064150022,BROOKLYN,"985,255","157,675",MOBILE,Unspecified,BROOKLYN,,,,,,,,40.59945766,-73.99638097,POINT (-73.996380973589 40.599457664603)
63936520,1/30/25 23:09,1/31/25 1:03,NYPD,New York City Police Department,Noise - Residential,Banging/Pounding,,Residential Building/House,10474,1276 LAFAYETTE AVENUE,LAFAYETTE AVENUE,MANIDA STREET,HUNTS POINT AVENUE,MANIDA STREET,HUNTS POINT AVENUE,ADDRESS,BRONX,LAFAYETTE AVENUE,,Closed,,The Police Department responded to the complaint but officers were unable to gain entry into the premises.,1/31/25 1:03,02 BRONX,17,Precinct 41,2027630080,BRONX,"1,015,175","236,817",PHONE,Unspecified,BRONX,,,,,,,,40.81662953,-73.88827499,POINT (-73.888274986255 40.816629531592)
63938291,1/30/25 23:09,4/1/25 0:16,DOHMH,Department of Health and Mental Hygiene,Non-Residential Heat,Inadequate or No Heat,N/A,Building (Non-Residential),11204,7402 NEW UTRECHT AVENUE,NEW UTRECHT AVENUE,74 STREET,BAY RIDGE PARKWAY,74 STREET,BAY RIDGE PARKWAY,ADDRESS,BROOKLYN,NEW UTRECHT AVENUE,,Closed,,"The NYC Health Department has responded to your service request. For inspection results, please call (212) 676-1600 or email infobfscs@health.nyc.gov to request an inspection report. This service request has been closed.",4/1/25 0:16,11 BROOKLYN,38,Precinct 62,3062140012,BROOKLYN,"984,317","163,878",ONLINE,Unspecified,BROOKLYN,,,,,,,,40.61648369,-73.99975867,POINT (-73.999758670034 40.616483685938)
63935352,1/30/25 23:09,2/2/25 16:32,HPD,Department of Housing Preservation and Development,HEAT/HOT WATER,APARTMENT ONLY,NO HEAT AND NO HOT WATER,RESIDENTIAL BUILDING,10472,1064 MANOR AVENUE,MANOR AVENUE,,,,,ADDRESS,BRONX,,,Closed,,HPD responded to a complaint of no heat or hot water in the building. An occupant of the building confirmed heat and hot water had been restored when the Inspector attempted to conduct the inspection or contacted you at the phone number associated with the complaint. The complaint has been closed. Please submit a new service request with 311 if the condition still exists.,2/2/25 0:00,09 BRONX,18,Precinct 43,2037170032,BRONX,"1,018,683","240,069",PHONE,Unspecified,BRONX,,,,,,,,40.82554237,-73.87558471,POINT (-73.875584706906 40.825542367084)
63940974,1/30/25 23:09,1/31/25 0:41,NYPD,New York City Police Department,Illegal Parking,Blocked Hydrant,,Street/Sidewalk,11205,112 ST EDWARDS STREET,ST EDWARDS STREET,AUBURN PLACE,NORTH ELLIOTT WALK,AUBURN PLACE,NORTH ELLIOTT WALK,ADDRESS,BROOKLYN,ST EDWARDS STREET,,Closed,,The Police Department issued a summons in response to the complaint.,1/31/25 0:41,02 BROOKLYN,35,Precinct 88,3020340134,BROOKLYN,"990,374","192,060",PHONE,Unspecified,BROOKLYN,,,,,,,,40.69383499,-73.97791613,POINT (-73.977916129825 40.693834987547)
63939786,1/30/25 23:09,1/31/25 1:10,NYPD,New York City Police Department,Illegal Parking,Blocked Hydrant,,Street/Sidewalk,11362,58-44 254 STREET,254 STREET,58 AVENUE,60 AVENUE,58 AVENUE,60 AVENUE,ADDRESS,LITTLE NECK,254 STREET,,Closed,,The Police Department responded to the complaint and took action to fix the condition.,1/31/25 1:10,11 QUEENS,23,Precinct 111,4083490088,QUEENS,"1,060,121","216,716",ONLINE,Unspecified,QUEENS,,,,,,,,40.76118627,-73.72612307,POINT (-73.726123073978 40.761186266464)
63937500,1/30/25 23:09,2/1/25 7:54,DSNY,Department of Sanitation,Dirty Condition,Trash,Not Cleaned by Property Owner,Sidewalk,11220,710 57 STREET,57 STREET,7 AVENUE,8 AVENUE,7 AVENUE,8 AVENUE,ADDRESS,BROOKLYN,57 STREET,,Closed,,The Department of Sanitation investigated this complaint and found no condition at the location.,2/1/25 7:54,07 BROOKLYN,43,Precinct 72,3008500011,BROOKLYN,"981,566","171,834",PHONE,Unspecified,BROOKLYN,,,,,,,,40.63832083,-74.00967077,POINT (-74.009670770117 40.638320826225)
63934222,1/30/25 23:09,4/1/25 0:16,DOHMH,Department of Health and Mental Hygiene,Non-Residential Heat,Inadequate or No Heat,N/A,Building (Non-Residential),11204,7402 NEW UTRECHT AVENUE,NEW UTRECHT AVENUE,74 STREET,BAY RIDGE PARKWAY,74 STREET,BAY RIDGE PARKWAY,ADDRESS,BROOKLYN,NEW UTRECHT AVENUE,,Closed,,"The NYC Health Department has responded to your service request. For inspection results, please call (212) 676-1600 or email infobfscs@health.nyc.gov to request an inspection report. This service request has been closed.",4/1/25 0:16,11 BROOKLYN,38,Precinct 62,3062140012,BROOKLYN,"984,317","163,878",ONLINE,Unspecified,BROOKLYN,,,,,,,,40.61648369,-73.99975867,POINT (-73.999758670034 40.616483685938)
63937997,1/30/25 23:09,2/1/25 16:52,HPD,Department of Housing Preservation and Development,HEAT/HOT WATER,ENTIRE BUILDING,NO HEAT,RESIDENTIAL BUILDING,10460,2150 CROTONA PARKWAY,CROTONA PARKWAY,,,,,ADDRESS,BRONX,,,Closed,,"The Department of Housing Preservation and Development was not able to gain access to your apartment or others in the building to inspect for a lack of heat or hot water. The complaint has been closed. If the condition still exists, please file a new complaint.",2/1/25 0:00,06 BRONX,15,Precinct 48,2031190058,BRONX,"1,016,621","247,992",PHONE,Unspecified,BRONX,,,,,,,,40.84729649,-73.882997,POINT (-73.882996996606 40.847296486783)
63940113,1/30/25 23:09,2/1/25 14:04,DSNY,Department of Sanitation,Dirty Condition,Dirt or Gravel,N/A,Street,11214,2381 86 STREET,86 STREET,BAY   35 STREET,24 AVENUE,BAY   35 STREET,24 AVENUE,ADDRESS,BROOKLYN,86 STREET,,Closed,,The Department of Sanitation will address the situation at the location by providing educational outreach about proper sanitation procedures.,1/31/25 13:35,11 BROOKLYN,43,Precinct 62,3068580042,BROOKLYN,"987,096","157,682",ONLINE,Unspecified,BROOKLYN,,,,,,,,40.59947648,-73.98975149,POINT (-73.989751490461 40.599476478201)
63940713,1/30/25 23:09,4/1/25 0:16,DOHMH,Department of Health and Mental Hygiene,Non-Residential Heat,Inadequate or No Heat,N/A,Building (Non-Residential),11204,7402 NEW UTRECHT AVENUE,NEW UTRECHT AVENUE,74 STREET,BAY RIDGE PARKWAY,74 STREET,BAY RIDGE PARKWAY,ADDRESS,BROOKLYN,NEW UTRECHT AVENUE,,Closed,,"The NYC Health Department has responded to your service request. For inspection results, please call (212) 676-1600 or email infobfscs@health.nyc.gov to request an inspection report. This service request has been closed.",4/1/25 0:16,11 BROOKLYN,38,Precinct 62,3062140012,BROOKLYN,"984,317","163,878",ONLINE,Unspecified,BROOKLYN,,,,,,,,40.61648369,-73.99975867,POINT (-73.999758670034 40.616483685938)
63938428,1/30/25 23:09,1/30/25 23:45,NYPD,New York City Police Department,Illegal Parking,Double Parked Blocking Vehicle,,Street/Sidewalk,10472,1440 BRONX RIVER AVENUE,BRONX RIVER AVENUE,EAST  174 STREET,CROSS BRONX EXPRESSWAY,EAST  174 STREET,CROSS BRONX EXPRESSWAY,ADDRESS,BRONX,BRONX RIVER AVENUE,,Closed,,The Police Department issued a summons in response to the complaint.,1/30/25 23:45,09 BRONX,17,Precinct 43,2038860002,BRONX,"1,018,017","243,713",PHONE,Unspecified,BRONX,Car,,,,,,,40.83554666,-73.87797279,POINT (-73.877972791354 40.835546663651)
63932922,1/30/25 23:09,4/1/25 0:16,DOHMH,Department of Health and Mental Hygiene,Non-Residential Heat,Inadequate or No Heat,N/A,Building (Non-Residential),11204,7402 NEW UTRECHT AVENUE,NEW UTRECHT AVENUE,74 STREET,BAY RIDGE PARKWAY,74 STREET,BAY RIDGE PARKWAY,ADDRESS,BROOKLYN,NEW UTRECHT AVENUE,,Closed,,"The NYC Health Department has responded to your service request. For inspection results, please call (212) 676-1600 or email infobfscs@health.nyc.gov to request an inspection report. This service request has been closed.",4/1/25 0:16,11 BROOKLYN,38,Precinct 62,3062140012,BROOKLYN,"984,317","163,878",ONLINE,Unspecified,BROOKLYN,,,,,,,,40.61648369,-73.99975867,POINT (-73.999758670034 40.616483685938)
63933250,1/30/25 23:08,1/31/25 0:34,NYPD,New York City Police Department,Noise - Residential,Loud Television,,Residential Building/House,11102,26-12 4 STREET,4 STREET,26 AVENUE,27 AVENUE,26 AVENUE,27 AVENUE,ADDRESS,ASTORIA,4 STREET,,Closed,,The Police Department responded to the complaint but officers were unable to gain entry into the premises.,1/31/25 0:34,01 QUEENS,22,Precinct 114,4009100027,QUEENS,"1,002,860","221,937",ONLINE,Unspecified,QUEENS,,,,,,,,40.77582251,-73.9328075,POINT (-73.932807501738 40.775822510745)
63943157,1/30/25 23:08,1/31/25 0:00,DOB,Department of Buildings,Real Time Enforcement,Work Without A Permit - Occupied Multiple Dwelling,,,10013,429 BROOME STREET,BROOME STREET,,,,,ADDRESS,NEW YORK,,,Closed,,The Department of Buildings investigated this complaint and determined that no further action was necessary.,1/31/25 0:00,02 MANHATTAN,1,Precinct 5,1004730018,MANHATTAN,"984,482","202,128",UNKNOWN,Unspecified,MANHATTAN,,,,,,,,40.72147138,-73.99916303,POINT (-73.999163033575 40.721471383079)
63931388,1/30/25 23:08,4/1/25 0:16,DOHMH,Department of Health and Mental Hygiene,Non-Residential Heat,Inadequate or No Heat,N/A,Building (Non-Residential),11204,7402 NEW UTRECHT AVENUE,NEW UTRECHT AVENUE,74 STREET,BAY RIDGE PARKWAY,74 STREET,BAY RIDGE PARKWAY,ADDRESS,BROOKLYN,NEW UTRECHT AVENUE,,Closed,,"The NYC Health Department has responded to your service request. For inspection results, please call (212) 676-1600 or email infobfscs@health.nyc.gov to request an inspection report. This service request has been closed.",4/1/25 0:16,11 BROOKLYN,38,Precinct 62,3062140012,BROOKLYN,"984,317","163,878",ONLINE,Unspecified,BROOKLYN,,,,,,,,40.61648369,-73.99975867,POINT (-73.999758670034 40.616483685938)
63934260,1/30/25 23:08,4/1/25 0:16,DOHMH,Department of Health and Mental Hygiene,Non-Residential Heat,Inadequate or No Heat,N/A,Building (Non-Residential),11204,7402 NEW UTRECHT AVENUE,NEW UTRECHT AVENUE,74 STREET,BAY RIDGE PARKWAY,74 STREET,BAY RIDGE PARKWAY,ADDRESS,BROOKLYN,NEW UTRECHT AVENUE,,Closed,,"The NYC Health Department has responded to your service request. For inspection results, please call (212) 676-1600 or email infobfscs@health.nyc.gov to request an inspection report. This service request has been closed.",4/1/25 0:16,11 BROOKLYN,38,Precinct 62,3062140012,BROOKLYN,"984,317","163,878",ONLINE,Unspecified,BROOKLYN,,,,,,,,40.61648369,-73.99975867,POINT (-73.999758670034 40.616483685938)
63932877,1/30/25 23:08,4/1/25 0:16,DOHMH,Department of Health and Mental Hygiene,Non-Residential Heat,Inadequate or No Heat,N/A,Building (Non-Residential),11204,7402 NEW UTRECHT AVENUE,NEW UTRECHT AVENUE,74 STREET,BAY RIDGE PARKWAY,74 STREET,BAY RIDGE PARKWAY,ADDRESS,BROOKLYN,NEW UTRECHT AVENUE,,Closed,,"The NYC Health Department has responded to your service request. For inspection results, please call (212) 676-1600 or email infobfscs@health.nyc.gov to request an inspection report. This service request has been closed.",4/1/25 0:16,11 BROOKLYN,38,Precinct 62,3062140012,BROOKLYN,"984,317","163,878",ONLINE,Unspecified,BROOKLYN,,,,,,,,40.61648369,-73.99975867,POINT (-73.999758670034 40.616483685938)
63935594,1/30/25 23:08,4/1/25 0:16,DOHMH,Department of Health and Mental Hygiene,Non-Residential Heat,Inadequate or No Heat,N/A,Building (Non-Residential),11204,7402 NEW UTRECHT AVENUE,NEW UTRECHT AVENUE,74 STREET,BAY RIDGE PARKWAY,74 STREET,BAY RIDGE PARKWAY,ADDRESS,BROOKLYN,NEW UTRECHT AVENUE,,Closed,,"The NYC Health Department has responded to your service request. For inspection results, please call (212) 676-1600 or email infobfscs@health.nyc.gov to request an inspection report. This service request has been closed.",4/1/25 0:16,11 BROOKLYN,38,Precinct 62,3062140012,BROOKLYN,"984,317","163,878",ONLINE,Unspecified,BROOKLYN,,,,,,,,40.61648369,-73.99975867,POINT (-73.999758670034 40.616483685938)
63934371,1/30/25 23:08,1/31/25 2:02,NYPD,New York City Police Department,Noise - Commercial,Loud Music/Party,,Club/Bar/Restaurant,10460,806 EAST TREMONT AVENUE,EAST TREMONT AVENUE,MAPES AVENUE,MARMION AVENUE,MAPES AVENUE,MARMION AVENUE,ADDRESS,BRONX,EAST TREMONT AVENUE,,Closed,,The Police Department responded to the complaint and took action to fix the condition.,1/31/25 2:02,06 BRONX,15,Precinct 48,2029560023,BRONX,"1,015,344","246,670",ONLINE,Unspecified,BRONX,,,,,,,,40.84367258,-73.88761876,POINT (-73.887618760195 40.843672577326)
63938300,1/30/25 23:08,4/1/25 0:16,DOHMH,Department of Health and Mental Hygiene,Non-Residential Heat,Inadequate or No Heat,N/A,Building (Non-Residential),11204,7402 NEW UTRECHT AVENUE,NEW UTRECHT AVENUE,74 STREET,BAY RIDGE PARKWAY,74 STREET,BAY RIDGE PARKWAY,ADDRESS,BROOKLYN,NEW UTRECHT AVENUE,,Closed,,"The NYC Health Department has responded to your service request. For inspection results, please call (212) 676-1600 or email infobfscs@health.nyc.gov to request an inspection report. This service request has been closed.",4/1/25 0:16,11 BROOKLYN,38,Precinct 62,3062140012,BROOKLYN,"984,317","163,878",ONLINE,Unspecified,BROOKLYN,,,,,,,,40.61648369,-73.99975867,POINT (-73.999758670034 40.616483685938)
63935205,1/30/25 23:07,1/31/25 1:23,NYPD,New York City Police Department,Noise - Residential,Loud Music/Party,,Residential Building/House,10033,572 WEST  187 STREET,WEST  187 STREET,AUDUBON AVENUE,ST NICHOLAS AVENUE,AUDUBON AVENUE,ST NICHOLAS AVENUE,ADDRESS,NEW YORK,WEST  187 STREET,,Closed,,The Police Department responded to the complaint and with the information available observed no evidence of the violation at that time.,1/31/25 1:23,12 MANHATTAN,10,Precinct 34,1021570081,MANHATTAN,"1,003,521","249,975",MOBILE,Unspecified,MANHATTAN,,,,,,,,40.85277754,-73.93034042,POINT (-73.930340420439 40.852777541387)
63935673,1/30/25 23:07,1/31/25 2:31,NYPD,New York City Police Department,Illegal Parking,Commercial Overnight Parking,,Street/Sidewalk,11234,1602 COLEMAN STREET,COLEMAN STREET,AVENUE P,QUENTIN ROAD,AVENUE P,QUENTIN ROAD,ADDRESS,BROOKLYN,COLEMAN STREET,,Closed,,The Police Department issued a summons in response to the complaint.,1/31/25 2:31,18 BROOKLYN,46,Precinct 63,3078640041,BROOKLYN,"1,002,371","164,556",MOBILE,Unspecified,BROOKLYN,,,,,,,,40.61832612,-73.93472744,POINT (-73.934727441342 40.618326124421)
63934394,1/30/25 23:06,1/31/25 19:04,NYPD,New York City Police Department,Noise - Residential,Loud Music/Party,,Residential Building/House,10462,1991 BRONXDALE AVENUE,BRONXDALE AVENUE,BARNES AVENUE,NEILL AVENUE,BARNES AVENUE,NEILL AVENUE,ADDRESS,BRONX,BRONXDALE AVENUE,,Closed,,The Police Department responded to the complaint and with the information available observed no evidence of the violation at that time.,1/31/25 19:04,11 BRONX,13,Precinct 49,2042610024,BRONX,"1,021,703","248,962",PHONE,Unspecified,BRONX,,,,,,,,40.84993875,-73.86462303,POINT (-73.864623026757 40.849938753755)
63936689,1/30/25 23:06,2/1/25 13:32,HPD,Department of Housing Preservation and Development,HEAT/HOT WATER,APARTMENT ONLY,NO HOT WATER,RESIDENTIAL BUILDING,10301,100 BELMONT PLACE,BELMONT PLACE,,,,,ADDRESS,STATEN ISLAND,,,Closed,,HPD called the telephone number on file for this complaint.  Someone at that number indicated that the condition was corrected. The complaint has been closed. Please submit a new service request with 311 if the condition still exists.,2/1/25 0:00,01 STATEN ISLAND,49,Precinct 120,5000200008,STATEN ISLAND,"962,142","173,416",PHONE,Unspecified,STATEN ISLAND,,,,,,,,40.64263589,-74.07966291,POINT (-74.079662906507 40.642635891369)
63937745,1/30/25 23:06,1/30/25 23:36,NYPD,New York City Police Department,Noise - Residential,Banging/Pounding,,Residential Building/House,10016,113 EAST   31 STREET,EAST   31 STREET,PARK AVENUE SOUTH,LEXINGTON AVENUE,PARK AVENUE SOUTH,LEXINGTON AVENUE,ADDRESS,NEW YORK,EAST   31 STREET,,Closed,,The Police Department responded to the complaint but officers were unable to gain entry into the premises.,1/30/25 23:36,05 MANHATTAN,2,Unspecified,1008870010,MANHATTAN,"989,234","210,661",ONLINE,Unspecified,MANHATTAN,,,,,,,,40.74489097,-73.98201333,POINT (-73.982013331619 40.744890968955)
63940251,1/30/25 23:06,1/30/25 23:09,NYPD,New York City Police Department,Noise - Commercial,Loud Music/Party,,Club/Bar/Restaurant,10024,507 COLUMBUS AVENUE,COLUMBUS AVENUE,WEST   84 STREET,WEST   85 STREET,WEST   84 STREET,WEST   85 STREET,ADDRESS,NEW YORK,COLUMBUS AVENUE,,Closed,,Your request can not be processed at this time because of insufficient contact information. Please create a new Service Request on NYC.gov and provide more detailed contact information.,1/30/25 23:09,07 MANHATTAN,6,Precinct 20,1011980003,MANHATTAN,"991,752","225,442",ONLINE,Unspecified,MANHATTAN,,,,,,,,40.78545921,-73.97290967,POINT (-73.972909670149 40.785459214275)
63931199,1/30/25 23:06,1/30/25 23:30,NYPD,New York City Police Department,Noise - Residential,Loud Music/Party,,Residential Building/House,10011,250 WEST   14 STREET,WEST   14 STREET,7 AVENUE,8 AVENUE,7 AVENUE,8 AVENUE,ADDRESS,NEW YORK,WEST   14 STREET,,Closed,,The Police Department responded to the complaint and with the information available observed no evidence of the violation at that time.,1/30/25 23:30,02 MANHATTAN,3,Precinct 6,1006180008,MANHATTAN,"983,938","208,570",ONLINE,Unspecified,MANHATTAN,,,,,,,,40.73915309,-74.00112587,POINT (-74.001125874241 40.739153094007)
63931848,1/30/25 23:06,1/31/25 0:20,NYPD,New York City Police Department,Illegal Parking,Blocked Sidewalk,,Street/Sidewalk,10452,97 WEST  163 STREET,WEST  163 STREET,WOODYCREST AVENUE,OGDEN AVENUE,WOODYCREST AVENUE,OGDEN AVENUE,ADDRESS,BRONX,WEST  163 STREET,,Closed,,The Police Department responded to the complaint and with the information available observed no evidence of the violation at that time.,1/31/25 0:20,04 BRONX,16,Precinct 44,2025110153,BRONX,"1,003,827","242,454",PHONE,Unspecified,BRONX,,,,,,,,40.83213393,-73.92925627,POINT (-73.929256267488 40.832133928406)
63937755,1/30/25 23:06,1/31/25 1:12,NYPD,New York City Police Department,Noise - Residential,Loud Music/Party,,Residential Building/House,10458,2474 ARTHUR AVENUE,ARTHUR AVENUE,EAST  188 STREET,EAST  189 STREET,EAST  188 STREET,EAST  189 STREET,ADDRESS,BRONX,ARTHUR AVENUE,,Closed,,The Police Department responded to the complaint but officers were unable to gain entry into the premises.,1/31/25 1:12,06 BRONX,15,Precinct 48,2030770042,BRONX,"1,015,740","251,593",ONLINE,Unspecified,BRONX,,,,,,,,40.85718334,-73.8861644,POINT (-73.886164399489 40.857183339989)
63935471,1/30/25 23:06,1/31/25 0:50,DOT,Department of Transportation,Traffic Signal Condition,Controller,Operating Improperly,,11214,,,,,19 AVENUE,82 STREET,INTERSECTION,BROOKLYN,,N/A,Closed,,Service Request status for this request is available on the Department of Transportationâs website. Please click the âLearn Moreâ link below.,1/31/25 0:50,11 BROOKLYN,47,Precinct 62,,BROOKLYN,"984,782","160,866",UNKNOWN,Unspecified,BROOKLYN,,,,,,,,40.60821635,-73.99808401,POINT (-73.998084005328 40.608216350724)
63947633,1/30/25 23:06,1/31/25 4:39,DSNY,Department of Sanitation,Derelict Vehicles,Derelict Vehicles,,Street,10473,751 ROSEDALE AVENUE,ROSEDALE AVENUE,SEWARD AVENUE,LAFAYETTE AVENUE,,,ADDRESS,BRONX,,,Closed,,The Department of Sanitation does NOT have jurisdiction over vehicles (abandoned or otherwise) that have license plates affixed to them. Your request will be referred to the NYPD for further action.,1/31/25 12:00,09 BRONX,18,Precinct 43,2035940041,BRONX,"1,021,211","237,990",PHONE,Unspecified,BRONX,,,,,,,,40.81982589,-73.86646186,POINT (-73.86646185744 40.819825890588)
63948306,1/30/25 23:05,2/4/25 0:00,DOB,Department of Buildings,General Construction/Plumbing,Building Permit - None,,,11231,142 CONOVER STREET,CONOVER STREET,,,,,ADDRESS,BROOKLYN,,,Closed,,The Department of Buildings investigated this complaint and determined that no further action was necessary.,2/4/25 0:00,06 BROOKLYN,38,Precinct 76,3005540027,BROOKLYN,"980,643","186,710",UNKNOWN,Unspecified,BROOKLYN,,,,,,,,40.67915185,-74.01300441,POINT (-74.013004405755 40.679151846631)
63933021,1/30/25 23:05,1/31/25 2:55,NYPD,New York City Police Department,Noise - Residential,Loud Talking,,Residential Building/House,10458,2965 BRIGGS AVENUE,BRIGGS AVENUE,BEDFORD PARK BOULEVARD,EAST  201 STREET,BEDFORD PARK BOULEVARD,EAST  201 STREET,ADDRESS,BRONX,BRIGGS AVENUE,,Closed,,The Police Department responded to the complaint and with the information available observed no evidence of the violation at that time.,1/31/25 2:56,07 BRONX,11,Precinct 52,2033030034,BRONX,"1,015,883","256,704",ONLINE,Unspecified,BRONX,,,,,,,,40.87121096,-73.88562333,POINT (-73.885623333989 40.871210964504)
63937641,1/30/25 23:05,1/30/25 23:15,NYPD,New York City Police Department,Non-Emergency Police Matter,Trespassing,,Residential Building/House,11103,24-35 STEINWAY STREET,STEINWAY STREET,ASTORIA BOULEVARD SOUTH,25 AVENUE,ASTORIA BOULEVARD SOUTH,25 AVENUE,ADDRESS,ASTORIA,STEINWAY STREET,,Closed,,The Police Department responded to the complaint and determined that police action was not necessary.,1/30/25 23:15,01 QUEENS,22,Precinct 114,4006860002,QUEENS,"1,008,845","219,281",PHONE,Unspecified,QUEENS,,,,,,,,40.76851786,-73.91120804,POINT (-73.911208041079 40.768517861464)
63935117,1/30/25 23:05,1/30/25 23:05,DOT,Department of Transportation,Street Condition,Pothole,,,11385,MYRTLE AVENUE,MYRTLE AVENUE,80 STREET,81 STREET,,,BLOCKFACE,QUEENS,,N/A,Closed,,The Department of Transportation determined that this complaint is a duplicate of a previously filed complaint. The original complaint is being addressed.,1/30/25 23:05,05 QUEENS,,Precinct 104,,QUEENS,,,UNKNOWN,Unspecified,QUEENS,,,,,,,,,,
63934537,1/30/25 23:04,1/31/25 0:37,NYPD,New York City Police Department,Illegal Parking,Commercial Overnight Parking,,Street/Sidewalk,11433,171-43 105 AVENUE,105 AVENUE,171 PLACE,172 STREET,171 PLACE,172 STREET,ADDRESS,JAMAICA,105 AVENUE,,Closed,,The Police Department responded to the complaint and with the information available observed no evidence of the violation at that time.,1/31/25 0:37,12 QUEENS,27,Precinct 103,4102300024,QUEENS,"1,043,762","195,156",ONLINE,Unspecified,QUEENS,,,,,,,,40.70213479,-73.78536574,POINT (-73.785365740271 40.702134785833)
63932865,1/30/25 23:04,1/31/25 2:29,NYPD,New York City Police Department,Blocked Driveway,No Access,,Street/Sidewalk,11220,318 54 STREET,54 STREET,3 AVENUE,4 AVENUE,3 AVENUE,4 AVENUE,ADDRESS,BROOKLYN,54 STREET,,Closed,,The Police Department responded to the complaint and determined that police action was not necessary.,1/31/25 2:29,07 BROOKLYN,38,Precinct 72,3008220011,BROOKLYN,"979,739","174,278",MOBILE,Unspecified,BROOKLYN,,,,,,,,40.64502834,-74.0162553,POINT (-74.01625530166 40.645028339689)
63935415,1/30/25 23:04,1/31/25 14:21,HPD,Department of Housing Preservation and Development,HEAT/HOT WATER,ENTIRE BUILDING,NO HEAT,RESIDENTIAL BUILDING,10040,25 HILLSIDE AVENUE,HILLSIDE AVENUE,,,,,ADDRESS,NEW YORK,,,Closed,,"This complaint is a duplicate of a building-wide condition already reported by another tenant.  The original complaint is still open, and HPD may only need to confirm that the condition exists by inspecting one apartment.  If we cannot contact the tenant from the original complaint or get access to that apartment, HPD may attempt to contact the person who filed this complaint to verify the correction of the condition or may conduct an inspection of your unit. You can check HPDONLINE to see if a",1/31/25 0:00,12 MANHATTAN,10,Precinct 34,1021700112,MANHATTAN,"1,003,608","252,132",ONLINE,Unspecified,MANHATTAN,,,,,,,,40.85869767,-73.93001971,POINT (-73.930019709621 40.858697670037)
63938323,1/30/25 23:04,1/31/25 2:58,NYPD,New York City Police Department,Illegal Parking,Blocked Hydrant,,Street/Sidewalk,11228,633 92 STREET,92 STREET,DAHLGREN PLACE,BATTERY AVENUE,DAHLGREN PLACE,BATTERY AVENUE,ADDRESS,BROOKLYN,92 STREET,,Closed,,The Police Department issued a summons in response to the complaint.,1/31/25 2:58,10 BROOKLYN,50,Precinct 68,3060920046,BROOKLYN,"977,231","163,642",ONLINE,Unspecified,BROOKLYN,,,,,,,,40.61583313,-74.02528177,POINT (-74.025281769375 40.615833134887)
63931024,1/30/25 23:03,1/31/25 1:19,NYPD,New York City Police Department,Blocked Driveway,No Access,,Street/Sidewalk,11212,2100 UNION STREET,UNION STREET,SUTTER AVENUE,BLAKE AVENUE,SUTTER AVENUE,BLAKE AVENUE,ADDRESS,BROOKLYN,UNION STREET,,Closed,,The Police Department responded to the complaint and with the information available observed no evidence of the violation at that time.,1/31/25 1:19,16 BROOKLYN,41,Precinct 73,3035310032,BROOKLYN,"1,006,102","181,537",MOBILE,Unspecified,BROOKLYN,,,,,,,,40.66492689,-73.92123324,POINT (-73.921233238211 40.664926889834)
63936568,1/30/25 23:03,2/28/25 5:03,HPD,Department of Housing Preservation and Development,ELECTRIC,OUTLET/SWITCH,OUTLET SEALED OR DEFECTIVE,RESIDENTIAL BUILDING,10461,2593 ST RAYMONDS AVENUE,ST RAYMONDS AVENUE,,,,,ADDRESS,BRONX,,,Closed,,An HPD Inspector was not able to gain access to inspect this complaint. The Inspector left a card at the time of the inspection and a letter was sent from HPD after the inspection attempt to encourage you to call to schedule an inspection. HPD did not receive a timely response from you and the complaint has been closed. Please submit a new service request with 311 if the condition still exists.,2/28/25 0:00,10 BRONX,18,Precinct 45,2040770052,BRONX,"1,027,010","246,499",ONLINE,Unspecified,BRONX,,,,,,,,40.84315445,-73.84545618,POINT (-73.845456179305 40.843154447859)
63933714,1/30/25 23:03,1/30/25 23:17,NYPD,New York City Police Department,Noise - Residential,Loud Talking,,Residential Building/House,10013,429 BROOME STREET,BROOME STREET,CROSBY STREET,BROADWAY,CROSBY STREET,BROADWAY,ADDRESS,NEW YORK,BROOME STREET,,Closed,,The Police Department responded to the complaint but officers were unable to gain entry into the premises.,1/30/25 23:17,02 MANHATTAN,1,Precinct 5,1004730018,MANHATTAN,"984,482","202,128",PHONE,Unspecified,MANHATTAN,,,,,,,,40.72147138,-73.99916303,POINT (-73.999163033575 40.721471383079)
63935961,1/30/25 23:03,2/1/25 22:34,HPD,Department of Housing Preservation and Development,HEAT/HOT WATER,ENTIRE BUILDING,NO HEAT AND NO HOT WATER,RESIDENTIAL BUILDING,10019,200 WEST   58 STREET,WEST   58 STREET,,,,,ADDRESS,NEW YORK,,,Closed,,"The Department of Housing Preservation and Development was not able to gain access to your apartment or others in the building to inspect for a lack of heat or hot water. The complaint has been closed. If the condition still exists, please file a new complaint.",2/1/25 0:00,05 MANHATTAN,4,Precinct 18,1010290036,MANHATTAN,"989,824","218,471",ONLINE,Unspecified,MANHATTAN,,,,,,,,40.76632708,-73.97987762,POINT (-73.979877616654 40.76632707809)
63939185,1/30/25 23:03,2/2/25 16:42,HPD,Department of Housing Preservation and Development,HEAT/HOT WATER,APARTMENT ONLY,NO HOT WATER,RESIDENTIAL BUILDING,10456,1361 TELLER AVENUE,TELLER AVENUE,,,,,ADDRESS,BRONX,,,Closed,,"HPD inspected this condition so the complaint has been closed. Violations were issued. The law provides the property owner time to correct the condition(s).  Violation descriptions and the dates for the property owner to correct any violations are available at HPDONLINE.  If the owner has not corrected the condition by the date provided, you may wish to bring a case in housing court seeking the correction of these conditions.To find out more about how to start a housing court case, visit HPD's w",2/2/25 0:00,04 BRONX,16,Precinct 44,2027820046,BRONX,"1,009,278","243,792",ONLINE,Unspecified,BRONX,,,,,,,,40.83579259,-73.90955347,POINT (-73.909553474636 40.835792585614)
63940187,1/30/25 23:03,1/30/25 23:26,DSNY,Department of Sanitation,Vendor Enforcement,Food Vendor,In Prohibited Area,Street,10001,156 WEST   32 STREET,WEST   32 STREET,AVENUE OF THE AMERICAS,7 AVENUE,AVENUE OF THE AMERICAS,7 AVENUE,ADDRESS,NEW YORK,WEST   32 STREET,,Closed,,N/A,1/30/25 23:26,05 MANHATTAN,3,Precinct 14,1008070001,MANHATTAN,"986,942","212,217",ONLINE,Unspecified,MANHATTAN,,,,,,,,40.74916279,-73.99028427,POINT (-73.990284266466 40.749162792862)
63934153,1/30/25 23:03,1/31/25 5:22,NYPD,New York City Police Department,Illegal Parking,Blocked Hydrant,,Street/Sidewalk,11230,280 WEBSTER AVENUE,WEBSTER AVENUE,OCEAN PARKWAY,EAST    8 STREET,OCEAN PARKWAY,EAST    8 STREET,ADDRESS,BROOKLYN,WEBSTER AVENUE,,Closed,,The Police Department responded to the complaint and with the information available observed no evidence of the violation at that time.,1/31/25 5:22,14 BROOKLYN,40,Precinct 70,3054210024,BROOKLYN,"992,410","169,871",MOBILE,Unspecified,BROOKLYN,,,,,,,,40.63292946,-73.97060093,POINT (-73.970600927623 40.632929456997)
63940496,1/30/25 23:02,2/2/25 13:30,HPD,Department of Housing Preservation and Development,HEAT/HOT WATER,APARTMENT ONLY,NO HEAT,RESIDENTIAL BUILDING,10469,1040B EAST  217 STREET,EAST  217 STREET,,,,,ADDRESS,BRONX,,,Closed,,"This complaint is a duplicate of a building-wide condition already reported by another tenant.  The original complaint is still open, and HPD may only need to confirm that the condition exists by inspecting one apartment.  If we cannot contact the tenant from the original complaint or get access to that apartment, HPD may attempt to contact the person who filed this complaint to verify the correction of the condition or may conduct an inspection of your unit. You can check HPDONLINE to see if a",2/2/25 0:00,12 BRONX,12,Precinct 47,2046990051,BRONX,"1,024,543","259,628",MOBILE,Unspecified,BRONX,,,,,,,,40.87920115,-73.8542935,POINT (-73.854293501556 40.879201148629)
63936376,1/30/25 23:02,1/30/25 23:02,DOT,Department of Transportation,Street Condition,Pothole,,,11385,MYRTLE AVENUE,MYRTLE AVENUE,80 STREET,81 STREET,,,BLOCKFACE,QUEENS,,N/A,Closed,,The Department of Transportation determined that this complaint is a duplicate of a previously filed complaint. The original complaint is being addressed.,1/30/25 23:02,05 QUEENS,,Precinct 104,,QUEENS,,,UNKNOWN,Unspecified,QUEENS,,,,,,,,,,
63937818,1/30/25 23:01,1/31/25 0:47,NYPD,New York City Police Department,Noise - Commercial,Loud Music/Party,,Club/Bar/Restaurant,11221,1085 WILLOUGHBY AVENUE,WILLOUGHBY AVENUE,CENTRAL AVENUE,WILSON AVENUE,CENTRAL AVENUE,WILSON AVENUE,ADDRESS,BROOKLYN,WILLOUGHBY AVENUE,,Closed,,The Police Department responded to the complaint and took action to fix the condition.,1/31/25 0:47,04 BROOKLYN,34,Precinct 83,3031960038,BROOKLYN,"1,004,624","194,489",ONLINE,Unspecified,BROOKLYN,,,,,,,,40.70048069,-73.92652161,POINT (-73.926521608303 40.700480691977)
63933887,1/30/25 23:01,1/30/25 23:19,NYPD,New York City Police Department,Noise - Street/Sidewalk,Loud Music/Party,,Street/Sidewalk,11205,497 DEKALB AVENUE,DEKALB AVENUE,FRANKLIN AVENUE,SKILLMAN STREET,FRANKLIN AVENUE,SKILLMAN STREET,ADDRESS,BROOKLYN,DEKALB AVENUE,,Closed,,The Police Department responded to the complaint and took action to fix the condition.,1/30/25 23:19,03 BROOKLYN,33,Precinct 79,3019270004,BROOKLYN,"996,156","190,930",MOBILE,Unspecified,BROOKLYN,,,,,,,,40.69072751,-73.95706755,POINT (-73.957067551896 40.690727509143)
63934012,1/30/25 23:01,2/1/25 0:10,HPD,Department of Housing Preservation and Development,HEAT/HOT WATER,APARTMENT ONLY,NO HEAT AND NO HOT WATER,RESIDENTIAL BUILDING,11106,31-35 CRESCENT STREET,CRESCENT STREET,,,,,ADDRESS,ASTORIA,,,Closed,,"This complaint is a duplicate of a building-wide condition already reported by another tenant.  The original complaint is still open, and HPD may only need to confirm that the condition exists by inspecting one apartment.  If we cannot contact the tenant from the original complaint or get access to that apartment, HPD may attempt to contact the person who filed this complaint to verify the correction of the condition or may conduct an inspection of your unit. You can check HPDONLINE to see if a",2/1/25 0:00,01 QUEENS,22,Precinct 114,4005790036,QUEENS,"1,004,421","217,880",MOBILE,Unspecified,QUEENS,,,,,,,,40.76468368,-73.9271836,POINT (-73.927183598411 40.764683681986)
63941092,1/30/25 23:01,1/31/25 1:09,NYPD,New York City Police Department,Illegal Parking,Posted Parking Sign Violation,,Street/Sidewalk,11358,190-20 35 AVENUE,35 AVENUE,190 STREET,191 STREET,190 STREET,191 STREET,ADDRESS,FLUSHING,35 AVENUE,,Closed,,The Police Department responded and upon arrival those responsible for the condition were gone.,1/31/25 1:09,11 QUEENS,19,Precinct 111,4053050030,QUEENS,"1,041,926","217,879",ONLINE,Unspecified,QUEENS,,,,,,,,40.76451581,-73.79179259,POINT (-73.791792590183 40.764515812043)
63940312,1/30/25 23:01,1/30/25 23:17,NYPD,New York City Police Department,Noise - Commercial,Loud Music/Party,,Store/Commercial,11106,34-03 36 AVENUE,36 AVENUE,34 STREET,35 STREET,34 STREET,35 STREET,ADDRESS,ASTORIA,36 AVENUE,,Closed,,The Police Department responded to the complaint and determined that police action was not necessary.,1/30/25 23:17,01 QUEENS,26,Precinct 114,4006380001,QUEENS,"1,004,415","214,500",ONLINE,Unspecified,QUEENS,,,,,,,,40.75540647,-73.9272154,POINT (-73.927215396487 40.755406465242)
63939832,1/30/25 23:01,1/30/25 23:07,NYPD,New York City Police Department,Graffiti,Police Report Not Requested,,Street/Sidewalk,10312,34 CARLTON COURT,CARLTON COURT,HUGUENOT AVENUE,DRUMGOOLE ROAD WEST,HUGUENOT AVENUE,DRUMGOOLE ROAD WEST,ADDRESS,STATEN ISLAND,CARLTON COURT,,Closed,,The Police Department reviewed your complaint and provided additional information below.,1/30/25 23:07,03 STATEN ISLAND,51,Precinct 123,5068270054,STATEN ISLAND,"930,129","134,276",ONLINE,Unspecified,STATEN ISLAND,,,,,,,,40.53506692,-74.19470327,POINT (-74.194703266925 40.535066921967)
63933759,1/30/25 23:01,1/30/25 23:26,DSNY,Department of Sanitation,Vendor Enforcement,Food Vendor,In Prohibited Area,Street,10001,155W WEST   34 STREET,WEST   34 STREET,BROADWAY,7 AVENUE,BROADWAY,7 AVENUE,ADDRESS,NEW YORK,WEST   34 STREET,,Closed,,N/A,1/30/25 23:26,05 MANHATTAN,3,Precinct 14,1008100001,MANHATTAN,"987,145","212,722",ONLINE,Unspecified,MANHATTAN,,,,,,,,40.75054883,-73.9895514,POINT (-73.989551399033 40.750548826329)
63937472,1/30/25 23:01,2/3/25 8:03,DSNY,Department of Sanitation,Dirty Condition,Trash,Littering,Sidewalk,10026,117 WEST  119 STREET,WEST  119 STREET,LENOX AVENUE,ADAM CLAYTON POWELL JR BOULEVARD,LENOX AVENUE,ADAM CLAYTON POWELL JR BOULEVARD,ADDRESS,NEW YORK,WEST  119 STREET,,Closed,,The Department of Sanitation cleaned the location.,2/3/25 8:03,10 MANHATTAN,9,Precinct 28,1019040122,MANHATTAN,"998,356","232,307",ONLINE,Unspecified,MANHATTAN,,,,,,,,40.8042937,-73.94904768,POINT (-73.949047675639 40.804293703675)
63935464,1/30/25 23:00,1/31/25 9:26,NYPD,New York City Police Department,Blocked Driveway,Partial Access,,Street/Sidewalk,11358,45-75 161 STREET,161 STREET,45 AVENUE,46 AVENUE,45 AVENUE,46 AVENUE,ADDRESS,FLUSHING,161 STREET,,Closed,,The Police Department reviewed your complaint and provided additional information below.,1/31/25 9:26,07 QUEENS,20,Precinct 109,4054400003,QUEENS,"1,038,083","214,288",PHONE,Unspecified,QUEENS,,,,,,,,40.7546837,-73.80569433,POINT (-73.805694331305 40.754683697188)
63939128,1/30/25 23:00,2/2/25 13:30,HPD,Department of Housing Preservation and Development,HEAT/HOT WATER,APARTMENT ONLY,NO HEAT,RESIDENTIAL BUILDING,10469,1040B EAST  217 STREET,EAST  217 STREET,,,,,ADDRESS,BRONX,,,Closed,,"This complaint is a duplicate of a building-wide condition already reported by another tenant.  The original complaint is still open, and HPD may only need to confirm that the condition exists by inspecting one apartment.  If we cannot contact the tenant from the original complaint or get access to that apartment, HPD may attempt to contact the person who filed this complaint to verify the correction of the condition or may conduct an inspection of your unit. You can check HPDONLINE to see if a",2/2/25 0:00,12 BRONX,12,Precinct 47,2046990051,BRONX,"1,024,543","259,628",MOBILE,Unspecified,BRONX,,,,,,,,40.87920115,-73.8542935,POINT (-73.854293501556 40.879201148629)
63937754,1/30/25 23:00,1/30/25 23:09,NYPD,New York City Police Department,Noise - Residential,Loud Music/Party,,Residential Building/House,11419,130-04 101 AVENUE,101 AVENUE,130 STREET,131 STREET,130 STREET,131 STREET,ADDRESS,SOUTH RICHMOND HILL,101 AVENUE,,Closed,,The Police Department responded to the complaint and took action to fix the condition.,1/30/25 23:09,09 QUEENS,29,Precinct 102,4094980002,QUEENS,"1,035,026","191,636",ONLINE,Unspecified,QUEENS,,,,,,,,40.69252767,-73.81689918,POINT (-73.816899181841 40.692527666452)
63936920,1/30/25 23:00,1/31/25 7:04,NYPD,New York City Police Department,Noise - Residential,Loud Music/Party,,Residential Building/House,10016,45 EAST   28 STREET,EAST   28 STREET,MADISON AVENUE,PARK AVENUE SOUTH,MADISON AVENUE,PARK AVENUE SOUTH,ADDRESS,NEW YORK,EAST   28 STREET,,Closed,,The Police Department responded to the complaint and with the information available observed no evidence of the violation at that time.,1/31/25 7:04,05 MANHATTAN,2,Precinct 13,1008580034,MANHATTAN,"988,368","210,257",ONLINE,Unspecified,MANHATTAN,,,,,,,,40.74378254,-73.98513887,POINT (-73.985138870802 40.743782535679)
63940535,1/30/25 23:00,2/1/25 17:53,HPD,Department of Housing Preservation and Development,HEAT/HOT WATER,ENTIRE BUILDING,NO HEAT,RESIDENTIAL BUILDING,10461,1400 BENSON STREET,BENSON STREET,,,,,ADDRESS,BRONX,,,Closed,,"The Department of Housing Preservation and Development was not able to gain access to your apartment or others in the building to inspect for a lack of heat or hot water. The complaint has been closed. If the condition still exists, please file a new complaint.",2/1/25 0:00,10 BRONX,18,Precinct 45,2039840001,BRONX,"1,027,398","245,587",MOBILE,Unspecified,BRONX,,,,,,,,40.84064939,-73.84405973,POINT (-73.844059734763 40.840649390803)
63931562,1/30/25 23:00,2/2/25 13:30,HPD,Department of Housing Preservation and Development,HEAT/HOT WATER,APARTMENT ONLY,NO HEAT,RESIDENTIAL BUILDING,10469,1125 EAST  213 STREET,EAST  213 STREET,,,,,ADDRESS,BRONX,,,Closed,,"The Department of Housing Preservation and Development was not able to gain access to your apartment or others in the building to inspect for a lack of heat or hot water. The complaint has been closed. If the condition still exists, please file a new complaint.",2/2/25 0:00,12 BRONX,12,Precinct 47,2047080131,BRONX,"1,024,756","258,426",MOBILE,Unspecified,BRONX,,,,,,,,40.87590106,-73.85353053,POINT (-73.853530525849 40.875901060063)
63938090,1/30/25 23:00,1/31/25 0:30,DOT,Department of Transportation,Traffic Signal Condition,Controller,Operating Improperly,,11212,,,,,LIBERTY AVENUE,MOTHER GASTON BOULEVARD,INTERSECTION,BROOKLYN,,N/A,Closed,,"Service Request status for this request is available on the Department of Transportation's website. Please click the ""Learn More"" link below.",1/31/25 0:30,16 BROOKLYN,37,Precinct 73,,BROOKLYN,"1,009,866","184,389",UNKNOWN,Unspecified,BROOKLYN,,,,,,,,40.6727449,-73.90765486,POINT (-73.907654860644 40.672744899242)
63936237,1/30/25 22:59,1/30/25 22:59,DEP,Department of Environmental Protection,Water System,Possible Water Main Break (Use Comments) (WA1),WA1,,10024,140 RIVERSIDE DRIVE,RIVERSIDE DRIVE,WEST END AVE,RIVERSIDE DR,,,ADDRESS,NEW YORK,,,Closed,,The Department of Environmental Protection determined that this complaint is a duplicate of a previously filed complaint. The original complaint is being addressed.,1/30/25 22:59,07 MANHATTAN,6,Precinct 24,1012480001,MANHATTAN,"989,900","227,232",PHONE,Unspecified,MANHATTAN,,,,,,,,40.79037366,-73.97959589,POINT (-73.979595886298 40.790373662686)
63931610,1/30/25 22:58,1/31/25 3:04,NYPD,New York City Police Department,Noise - Residential,Loud Music/Party,,Residential Building/House,10468,2471 GRAND AVENUE,GRAND AVENUE,WEST FORDHAM ROAD,WEST  188 STREET,WEST FORDHAM ROAD,WEST  188 STREET,ADDRESS,BRONX,GRAND AVENUE,,Closed,,The Police Department responded to the complaint and determined that police action was not necessary.,1/31/25 3:04,07 BRONX,14,Precinct 52,2032130033,BRONX,"1,011,143","253,882",ONLINE,Unspecified,BRONX,,,,,,,,40.86348115,-73.90277325,POINT (-73.902773245954 40.863481152366)
63938301,1/30/25 22:58,1/31/25 9:36,DOHMH,Department of Health and Mental Hygiene,Indoor Air Quality,Chemical Vapors/Gases/Odors,,1-2 Family Dwelling,10468,2542 UNIVERSITY AVENUE,UNIVERSITY AVENUE,WEST 190 STREET,WEST 192 STREET,WEST  190 STREET,WEST  192 STREET,ADDRESS,BRONX,UNIVERSITY AVENUE,,Closed,,The NYC Health Department (DOHMH) found a service request already exists for the same location. This request has been closed. DOHMH is addressing the original request.,1/31/25 9:36,07 BRONX,14,Precinct 52,2032140022,BRONX,"1,011,145","254,819",PHONE,Unspecified,BRONX,,,,,,,,40.86605293,-73.90276225,POINT (-73.902762254955 40.866052925764)
63938247,1/30/25 22:58,1/31/25 2:46,NYPD,New York City Police Department,Noise - Street/Sidewalk,Loud Talking,,Street/Sidewalk,11222,148 INDIA STREET,INDIA STREET,MANHATTAN AVENUE,MCGUINNESS BOULEVARD,MANHATTAN AVENUE,MCGUINNESS BOULEVARD,ADDRESS,BROOKLYN,INDIA STREET,,Closed,,The Police Department responded to the complaint and with the information available observed no evidence of the violation at that time.,1/31/25 2:46,01 BROOKLYN,33,Precinct 94,3025410010,BROOKLYN,"997,028","206,107",ONLINE,Unspecified,BROOKLYN,,,,,,,,40.73238354,-73.95389436,POINT (-73.953894358416 40.732383542421)
63937010,1/30/25 22:58,1/31/25 2:14,NYPD,New York City Police Department,Noise - Residential,Loud Music/Party,,Residential Building/House,10019,692 10 AVENUE,10 AVENUE,WEST   48 STREET,WEST   49 STREET,WEST   48 STREET,WEST   49 STREET,ADDRESS,NEW YORK,10 AVENUE,,Closed,,The Police Department responded to the complaint and with the information available observed no evidence of the violation at that time.,1/31/25 2:14,04 MANHATTAN,3,Precinct 18,1010580004,MANHATTAN,"986,320","217,496",ONLINE,Unspecified,MANHATTAN,,,,,,,,40.76365247,-73.99252751,POINT (-73.992527509772 40.76365246984)
63941041,1/30/25 22:58,1/31/25 1:46,NYPD,New York City Police Department,Illegal Parking,Posted Parking Sign Violation,,Street/Sidewalk,10031,571 RIVERSIDE DRIVE,RIVERSIDE DRIVE,12 AVENUE,WEST  135 STREET,12 AVENUE,WEST  135 STREET,ADDRESS,NEW YORK,RIVERSIDE DRIVE,,Closed,,The Police Department responded to the complaint and with the information available observed no evidence of the violation at that time.,1/31/25 1:46,09 MANHATTAN,7,Precinct 30,1020010001,MANHATTAN,"995,788","238,288",ONLINE,Unspecified,MANHATTAN,,,,,,,,40.82071361,-73.95831327,POINT (-73.958313273345 40.820713607314)
63932487,1/30/25 22:58,1/31/25 0:07,NYPD,New York City Police Department,Noise - Commercial,Loud Music/Party,,Store/Commercial,10460,1806 ARCHER STREET,ARCHER STREET,BEACH AVENUE,TAYLOR AVENUE,BEACH AVENUE,TAYLOR AVENUE,ADDRESS,BRONX,ARCHER STREET,,Closed,,The Police Department responded to the complaint and determined that police action was not necessary.,1/31/25 0:07,09 BRONX,17,Precinct 43,2038990031,BRONX,"1,021,073","244,439",ONLINE,Unspecified,BRONX,,,,,,,,40.83752711,-73.86692505,POINT (-73.866925046947 40.837527107753)
63937189,1/30/25 22:57,1/31/25 0:40,NYPD,New York City Police Department,Illegal Parking,Posted Parking Sign Violation,,Street/Sidewalk,11205,39 AUBURN PLACE,AUBURN PLACE,NORTH ELLIOTT PLACE,NORTH PORTLAND AVENUE,NORTH ELLIOTT PLACE,NORTH PORTLAND AVENUE,ADDRESS,BROOKLYN,AUBURN PLACE,,Closed,,The Police Department responded to the complaint and determined that police action was not necessary.,1/31/25 0:40,02 BROOKLYN,35,Precinct 88,3020390101,BROOKLYN,"990,817","192,265",PHONE,Unspecified,BROOKLYN,,,,,,,,40.69439735,-73.97631842,POINT (-73.976318419515 40.694397347413)
63934906,1/30/25 22:57,2/3/25 20:59,DSNY,Department of Sanitation,Obstruction,Cone,Sidewalk,Sidewalk,10465,3210 FAIRMOUNT AVENUE,FAIRMOUNT AVENUE,VINCENT AVENUE,WILCOX AVENUE,VINCENT AVENUE,WILCOX AVENUE,ADDRESS,BRONX,FAIRMOUNT AVENUE,,Closed,,The Department of Sanitation investigated this complaint and found no violation at the location.,2/3/25 20:59,10 BRONX,13,Precinct 45,2053220027,BRONX,"1,033,873","243,955",ONLINE,Unspecified,BRONX,,,,,,,,40.83613602,-73.82067071,POINT (-73.820670711425 40.836136022648)
63940964,1/30/25 22:57,1/31/25 0:15,NYPD,New York City Police Department,Illegal Parking,Commercial Overnight Parking,,Street/Sidewalk,10312,34 CARLTON COURT,CARLTON COURT,HUGUENOT AVENUE,DRUMGOOLE ROAD WEST,HUGUENOT AVENUE,DRUMGOOLE ROAD WEST,ADDRESS,STATEN ISLAND,CARLTON COURT,,Closed,,The Police Department responded to the complaint and with the information available observed no evidence of the violation at that time.,1/31/25 0:15,03 STATEN ISLAND,51,Precinct 123,5068270054,STATEN ISLAND,"930,129","134,276",ONLINE,Unspecified,STATEN ISLAND,,,,,,,,40.53506692,-74.19470327,POINT (-74.194703266925 40.535066921967)
63938321,1/30/25 22:57,1/31/25 4:00,NYPD,New York City Police Department,Illegal Parking,Blocked Hydrant,,Street/Sidewalk,10471,5412 SYLVAN AVENUE,SYLVAN AVENUE,DEAD END,WEST  255 STREET,DEAD END,WEST  255 STREET,ADDRESS,BRONX,SYLVAN AVENUE,,Closed,,The Police Department issued a summons in response to the complaint.,1/31/25 4:00,08 BRONX,11,Precinct 50,2058422010,BRONX,"1,012,270","267,920",PHONE,Unspecified,BRONX,,,,,,,,40.90200755,-73.89864006,POINT (-73.898640060222 40.902007551447)
63932557,1/30/25 22:57,1/30/25 23:26,NYPD,New York City Police Department,Noise - Street/Sidewalk,Loud Music/Party,,Street/Sidewalk,10012,120 WEST    3 STREET,WEST    3 STREET,MAC DOUGAL STREET,AVENUE OF THE AMERICAS,MAC DOUGAL STREET,AVENUE OF THE AMERICAS,ADDRESS,NEW YORK,WEST    3 STREET,,Closed,,The Police Department responded to the complaint and with the information available observed no evidence of the violation at that time.,1/30/25 23:27,02 MANHATTAN,2,Precinct 6,1005430019,MANHATTAN,"984,125","205,447",ONLINE,Unspecified,MANHATTAN,,,,,,,,40.73058123,-74.00045101,POINT (-74.000451013387 40.730581233318)
63931726,1/30/25 22:57,2/1/25 15:32,HPD,Department of Housing Preservation and Development,HEAT/HOT WATER,ENTIRE BUILDING,NO HEAT,RESIDENTIAL BUILDING,11230,1640 OCEAN AVENUE,OCEAN AVENUE,,,,,ADDRESS,BROOKLYN,,,Closed,,HPD conducted an inspection of this complaint. The conditions observed by the inspector did not violate the housing laws enforced by HPD. The complaint has been closed.,2/1/25 0:00,14 BROOKLYN,45,Precinct 70,3067300072,BROOKLYN,"996,543","165,924",ONLINE,Unspecified,BROOKLYN,,,,,,,,40.622091,-73.95571763,POINT (-73.955717632399 40.622091002093)
63935355,1/30/25 22:56,2/1/25 17:26,HPD,Department of Housing Preservation and Development,HEAT/HOT WATER,APARTMENT ONLY,NO HEAT AND NO HOT WATER,RESIDENTIAL BUILDING,10468,2390 MORRIS AVENUE,MORRIS AVENUE,,,,,ADDRESS,BRONX,,,Closed,,"This complaint is a duplicate of a building-wide condition already reported by another tenant.  The original complaint is still open, and HPD may only need to confirm that the condition exists by inspecting one apartment.  If we cannot contact the tenant from the original complaint or get access to that apartment, HPD may attempt to contact the person who filed this complaint to verify the correction of the condition or may conduct an inspection of your unit. You can check HPDONLINE to see if a",2/1/25 0:00,05 BRONX,14,Precinct 46,2031730005,BRONX,"1,011,768","252,789",ONLINE,Unspecified,BRONX,,,,,,,,40.86047927,-73.90051816,POINT (-73.900518161621 40.860479272869)
63933330,1/30/25 22:56,1/31/25 21:04,HPD,Department of Housing Preservation and Development,HEAT/HOT WATER,ENTIRE BUILDING,NO HEAT AND NO HOT WATER,RESIDENTIAL BUILDING,10451,334 EAST  148 STREET,EAST  148 STREET,,,,,ADDRESS,BRONX,,,Closed,,"This complaint is a duplicate of a building-wide condition already reported by another tenant.  The original complaint is still open, and HPD may only need to confirm that the condition exists by inspecting one apartment.  If we cannot contact the tenant from the original complaint or get access to that apartment, HPD may attempt to contact the person who filed this complaint to verify the correction of the condition or may conduct an inspection of your unit. You can check HPDONLINE to see if a",1/31/25 0:00,01 BRONX,8,Precinct 40,2023290064,BRONX,"1,006,232","236,593",MOBILE,Unspecified,BRONX,,,,,,,,40.81604149,-73.92058473,POINT (-73.920584730083 40.81604149488)
63930925,1/30/25 22:56,2/5/25 11:23,DEP,Department of Environmental Protection,Noise,"Noise, Barking Dog (NR5)",NR5,,10003,95 2 AVENUE,2 AVENUE,E 5 ST,E 6 ST,,,ADDRESS,NEW YORK,,N/A,Closed,,The Department of Environmental Protection determined that this complaint is a duplicate of a previously filed complaint. The original complaint is being addressed.,2/5/25 11:23,03 MANHATTAN,2,Precinct 9,1004610031,MANHATTAN,"987,368","204,188",ONLINE,Unspecified,MANHATTAN,,,,,,,,40.72712504,-73.98875051,POINT (-73.988750505517 40.727125037091)
63939028,1/30/25 22:55,1/31/25 1:00,NYPD,New York City Police Department,Noise - Commercial,Loud Music/Party,,Club/Bar/Restaurant,11225,676 FLATBUSH AVENUE,FLATBUSH AVENUE,HAWTHORNE STREET,WESTBURY COURT,HAWTHORNE STREET,WESTBURY COURT,ADDRESS,BROOKLYN,FLATBUSH AVENUE,,Closed,,The Police Department responded to the complaint and took action to fix the condition.,1/31/25 1:00,09 BROOKLYN,40,Precinct 71,3050260241,BROOKLYN,"995,299","178,604",ONLINE,Unspecified,BROOKLYN,,,,,,,,40.65689652,-73.96017806,POINT (-73.96017805684 40.656896524607)
63939401,1/30/25 22:55,1/31/25 5:58,NYPD,New York City Police Department,Illegal Parking,Commercial Overnight Parking,,Street/Sidewalk,11235,2811 BATCHELDER STREET,BATCHELDER STREET,LOSEE TERRACE,GUNNISON COURT,LOSEE TERRACE,GUNNISON COURT,ADDRESS,BROOKLYN,BATCHELDER STREET,,Closed,,The Police Department responded to the complaint and took action to fix the condition.,1/31/25 5:58,15 BROOKLYN,48,Precinct 61,3088010089,BROOKLYN,"1,002,006","152,467",ONLINE,Unspecified,BROOKLYN,,,,,,,,40.58514502,-73.93607396,POINT (-73.936073963277 40.585145022905)
63931534,1/30/25 22:55,1/31/25 4:00,NYPD,New York City Police Department,Illegal Parking,Blocked Hydrant,,Street/Sidewalk,10471,5421 SYLVAN AVENUE,SYLVAN AVENUE,DEAD END,WEST  255 STREET,DEAD END,WEST  255 STREET,ADDRESS,BRONX,SYLVAN AVENUE,,Closed,,The Police Department issued a summons in response to the complaint.,1/31/25 4:00,08 BRONX,11,Precinct 50,2058441935,BRONX,"1,012,275","267,974",PHONE,Unspecified,BRONX,,,,,,,,40.90215575,-73.89862175,POINT (-73.898621747097 40.902155748086)
63938187,1/30/25 22:55,2/4/25 8:32,DOHMH,Department of Health and Mental Hygiene,Rodent,Rat Sighting,,3+ Family Apt. Building,10030,256 WEST  135 STREET,WEST  135 STREET,ADAM CLAYTON POWELL JR BOULEVARD,FREDERICK DOUGLASS BOULEVARD,ADAM CLAYTON POWELL JR BOULEVARD,FREDERICK DOUGLASS BOULEVARD,ADDRESS,NEW YORK,WEST  135 STREET,N/A,Closed,,This service request was closed because the Department of Health and Mental Hygiene received an earlier complaint about the same location.  You can find inspection results for this address by going to the online Rat Portal at www.nyc.gov/rats.,1/30/25 22:55,10 MANHATTAN,9,Precinct 32,1019400053,MANHATTAN,"999,395","236,559",MOBILE,Unspecified,MANHATTAN,,,,,,,,40.81596254,-73.94528511,POINT (-73.945285108295 40.815962541549)
63933705,1/30/25 22:55,1/31/25 1:19,NYPD,New York City Police Department,Noise - Residential,Banging/Pounding,,Residential Building/House,10003,60 EAST    4 STREET,EAST    4 STREET,BOWERY,2 AVENUE,BOWERY,2 AVENUE,ADDRESS,NEW YORK,EAST    4 STREET,,Closed,,The Police Department responded to the complaint and with the information available observed no evidence of the violation at that time.,1/31/25 1:19,03 MANHATTAN,2,Precinct 9,1004590016,MANHATTAN,"986,815","204,048",ONLINE,Unspecified,MANHATTAN,,,,,,,,40.72674095,-73.99074574,POINT (-73.99074573861 40.726740948818)
63935183,1/30/25 22:55,1/30/25 23:09,NYPD,New York City Police Department,Noise - Residential,Loud Music/Party,,Residential Building/House,11419,130-04 101 AVENUE,101 AVENUE,130 STREET,131 STREET,130 STREET,131 STREET,ADDRESS,SOUTH RICHMOND HILL,101 AVENUE,,Closed,,The Police Department responded to the complaint and took action to fix the condition.,1/30/25 23:09,09 QUEENS,29,Precinct 102,4094980002,QUEENS,"1,035,026","191,636",ONLINE,Unspecified,QUEENS,,,,,,,,40.69252767,-73.81689918,POINT (-73.816899181841 40.692527666452)
63936489,1/30/25 22:54,1/31/25 0:00,NYPD,New York City Police Department,Noise - Residential,Loud Music/Party,,Residential Building/House,10033,572 WEST  187 STREET,WEST  187 STREET,AUDUBON AVENUE,ST NICHOLAS AVENUE,AUDUBON AVENUE,ST NICHOLAS AVENUE,ADDRESS,NEW YORK,WEST  187 STREET,,Closed,,The Police Department responded to the complaint and with the information available observed no evidence of the violation at that time.,1/31/25 0:00,12 MANHATTAN,10,Precinct 34,1021570081,MANHATTAN,"1,003,521","249,975",ONLINE,Unspecified,MANHATTAN,,,,,,,,40.85277754,-73.93034042,POINT (-73.930340420439 40.852777541387)
63935731,1/30/25 22:54,1/31/25 1:14,NYPD,New York City Police Department,Illegal Parking,Blocked Hydrant,,Street/Sidewalk,11214,2161 77 STREET,77 STREET,21 AVENUE,BAY PARKWAY,21 AVENUE,BAY PARKWAY,ADDRESS,BROOKLYN,77 STREET,,Closed,,The Police Department issued a summons in response to the complaint.,1/31/25 1:14,11 BROOKLYN,43,Precinct 62,3062410053,BROOKLYN,"987,171","160,634",MOBILE,Unspecified,BROOKLYN,,,,,,,,40.60757909,-73.98948014,POINT (-73.989480137168 40.607579092773)
63931629,1/30/25 22:54,1/31/25 3:04,NYPD,New York City Police Department,Noise - Residential,Banging/Pounding,,Residential Building/House,10468,233 LANDING ROAD,LANDING ROAD,CEDAR AVENUE,MAJOR DEEGAN EXPRESSWAY,CEDAR AVENUE,MAJOR DEEGAN EXPRESSWAY,ADDRESS,BRONX,LANDING ROAD,,Closed,,The Police Department responded to the complaint and determined that police action was not necessary.,1/31/25 3:04,07 BRONX,14,Precinct 52,2032367501,BRONX,"1,008,841","253,488",ONLINE,Unspecified,BRONX,,,,,,,,40.86240645,-73.91109715,POINT (-73.911097148279 40.862406454675)
63938439,1/30/25 22:54,1/31/25 1:45,NYPD,New York City Police Department,Illegal Parking,Double Parked Blocking Vehicle,,Street/Sidewalk,10031,571 RIVERSIDE DRIVE,RIVERSIDE DRIVE,12 AVENUE,WEST  135 STREET,12 AVENUE,WEST  135 STREET,ADDRESS,NEW YORK,RIVERSIDE DRIVE,,Closed,,The Police Department responded to the complaint and with the information available observed no evidence of the violation at that time.,1/31/25 1:45,09 MANHATTAN,7,Precinct 30,1020010001,MANHATTAN,"995,788","238,288",ONLINE,Unspecified,MANHATTAN,SUV,,,,,,,40.82071361,-73.95831327,POINT (-73.958313273345 40.820713607314)
63935230,1/30/25 22:54,1/30/25 23:12,NYPD,New York City Police Department,Noise - Residential,Loud Music/Party,,Residential Building/House,10027,41 ST NICHOLAS TERRACE,ST NICHOLAS TERRACE,WEST  129 STREET,WEST  130 STREET,WEST  129 STREET,WEST  130 STREET,ADDRESS,NEW YORK,ST NICHOLAS TERRACE,,Closed,,The Police Department responded to the complaint but officers were unable to gain entry into the premises.,1/30/25 23:12,09 MANHATTAN,9,Precinct 26,1019690040,MANHATTAN,"997,741","235,720",MOBILE,Unspecified,MANHATTAN,,,,,,,,40.8136624,-73.95126226,POINT (-73.951262259324 40.813662402272)
63931583,1/30/25 22:53,1/31/25 3:04,NYPD,New York City Police Department,Noise - Residential,Banging/Pounding,,Residential Building/House,10468,233 LANDING ROAD,LANDING ROAD,CEDAR AVENUE,MAJOR DEEGAN EXPRESSWAY,CEDAR AVENUE,MAJOR DEEGAN EXPRESSWAY,ADDRESS,BRONX,LANDING ROAD,,Closed,,The Police Department responded to the complaint and determined that police action was not necessary.,1/31/25 3:04,07 BRONX,14,Precinct 52,2032367501,BRONX,"1,008,841","253,488",ONLINE,Unspecified,BRONX,,,,,,,,40.86240645,-73.91109715,POINT (-73.911097148279 40.862406454675)
63940118,1/30/25 22:53,1/31/25 0:18,NYPD,New York City Police Department,Noise - Vehicle,Engine Idling,,Street/Sidewalk,11204,18 AVENUE,18 AVENUE,18 AVENUE,74 STREET,18 AVENUE,74 STREET,INTERSECTION,,,,Closed,,The Police Department responded to the complaint and determined that police action was not necessary.,1/31/25 0:18,11 BROOKLYN,43,Precinct 62,,BROOKLYN,"985,535","162,971",PHONE,Unspecified,BROOKLYN,Truck,,,,,,,40.61399407,-73.99537168,POINT (-73.995371679983 40.613994065596)
63933749,1/30/25 22:53,1/31/25 2:37,NYPD,New York City Police Department,Illegal Parking,Blocked Crosswalk,,Street/Sidewalk,11101,54-02 2 STREET,2 STREET,54 AVENUE,55 AVENUE,54 AVENUE,55 AVENUE,ADDRESS,LONG ISLAND CITY,2 STREET,,Closed,,The Police Department responded to the complaint and determined that police action was not necessary.,1/31/25 2:37,02 QUEENS,26,Precinct 108,4000060050,QUEENS,"995,506","209,129",MOBILE,Unspecified,QUEENS,,,,,,,,40.74068025,-73.95938099,POINT (-73.959380989154 40.74068025264)
63934071,1/30/25 22:53,2/3/25 18:47,HPD,Department of Housing Preservation and Development,HEAT/HOT WATER,ENTIRE BUILDING,NO HEAT,RESIDENTIAL BUILDING,11368,98-17 HORACE HARDING EXPRESSWAY,HORACE HARDING EXPRESSWAY,,,,,ADDRESS,CORONA,,,Closed,,"This complaint is a duplicate of a building-wide condition already reported by another tenant.  The original complaint is still open, and HPD may only need to confirm that the condition exists by inspecting one apartment.  If we cannot contact the tenant from the original complaint or get access to that apartment, HPD may attempt to contact the person who filed this complaint to verify the correction of the condition or may conduct an inspection of your unit. You can check HPDONLINE to see if a",2/3/25 0:00,04 QUEENS,21,Precinct 110,4019180095,QUEENS,"1,022,940","207,277",ONLINE,Unspecified,QUEENS,,,,,,,,40.73551951,-73.86039193,POINT (-73.860391931452 40.735519510667)
63939069,1/30/25 22:53,1/30/25 22:57,NYPD,New York City Police Department,Noise - Street/Sidewalk,Loud Music/Party,,Street/Sidewalk,10012,115 MACDOUGAL STREET,MACDOUGAL STREET,MINETTA LANE,WEST    3 STREET,MINETTA LANE,WEST    3 STREET,ADDRESS,NEW YORK,MAC DOUGAL STREET,,Closed,,The Police Department responded and upon arrival those responsible for the condition were gone.,1/30/25 22:59,02 MANHATTAN,2,Precinct 6,1005430023,MANHATTAN,"984,116","205,242",MOBILE,Unspecified,MANHATTAN,,,,,,,,40.73001856,-74.00048348,POINT (-74.000483482268 40.730018558354)
63939141,1/30/25 22:52,2/2/25 19:07,HPD,Department of Housing Preservation and Development,HEAT/HOT WATER,APARTMENT ONLY,NO HEAT,RESIDENTIAL BUILDING,10451,109 EAST  153 STREET,EAST  153 STREET,,,,,ADDRESS,BRONX,,,Closed,,HPD responded to a complaint of no heat or hot water in the building. An occupant of the building confirmed heat and hot water had been restored when the Inspector attempted to conduct the inspection or contacted you at the phone number associated with the complaint. The complaint has been closed. Please submit a new service request with 311 if the condition still exists.,2/2/25 0:00,04 BRONX,8,Precinct 44,2024820001,BRONX,"1,004,168","239,466",MOBILE,Unspecified,BRONX,,,,,,,,40.82393196,-73.9280329,POINT (-73.928032896333 40.823931962073)
63937257,1/30/25 22:52,2/1/25 17:36,HPD,Department of Housing Preservation and Development,HEAT/HOT WATER,ENTIRE BUILDING,NO HOT WATER,RESIDENTIAL BUILDING,10027,2167 ADAM C POWELL BOULEVARD,ADAM C POWELL BOULEVARD,,,,,ADDRESS,NEW YORK,,,Closed,,"This complaint is a duplicate of a building-wide condition already reported by another tenant.  The original complaint is still open, and HPD may only need to confirm that the condition exists by inspecting one apartment.  If we cannot contact the tenant from the original complaint or get access to that apartment, HPD may attempt to contact the person who filed this complaint to verify the correction of the condition or may conduct an inspection of your unit. You can check HPDONLINE to see if a",2/1/25 0:00,10 MANHATTAN,9,Precinct 32,1019130061,MANHATTAN,"998,996","234,804",ONLINE,Unspecified,MANHATTAN,,,,,,,,40.81114623,-73.94673045,POINT (-73.94673044542 40.811146232183)
63936804,1/30/25 22:52,1/30/25 23:37,NYPD,New York City Police Department,Animal-Abuse,Neglected,Dog,Residential Building/House,11233,671 HALSEY STREET,HALSEY STREET,PATCHEN AVENUE,RALPH AVENUE,PATCHEN AVENUE,RALPH AVENUE,ADDRESS,BROOKLYN,HALSEY STREET,,Closed,,The Police Department responded and upon arrival those responsible for the condition were gone.,1/30/25 23:37,03 BROOKLYN,41,Precinct 81,3016630088,BROOKLYN,"1,004,985","188,719",ONLINE,Unspecified,BROOKLYN,,,,,,,,40.68464254,-73.92523743,POINT (-73.92523743062 40.684642542583)
63938245,1/30/25 22:52,1/31/25 3:04,NYPD,New York City Police Department,Noise - Residential,Banging/Pounding,,Residential Building/House,10468,233 LANDING ROAD,LANDING ROAD,CEDAR AVENUE,MAJOR DEEGAN EXPRESSWAY,CEDAR AVENUE,MAJOR DEEGAN EXPRESSWAY,ADDRESS,BRONX,LANDING ROAD,,Closed,,The Police Department responded to the complaint and determined that police action was not necessary.,1/31/25 3:04,07 BRONX,14,Precinct 52,2032367501,BRONX,"1,008,841","253,488",ONLINE,Unspecified,BRONX,,,,,,,,40.86240645,-73.91109715,POINT (-73.911097148279 40.862406454675)
63931263,1/30/25 22:52,1/31/25 0:17,NYPD,New York City Police Department,Noise - Residential,Banging/Pounding,,Residential Building/House,11225,1720 BEDFORD AVENUE,BEDFORD AVENUE,MONTGOMERY STREET,SULLIVAN PLACE,MONTGOMERY STREET,SULLIVAN PLACE,ADDRESS,BROOKLYN,BEDFORD AVENUE,,Closed,,The Police Department responded to the complaint and took action to fix the condition.,1/31/25 0:17,09 BROOKLYN,35,Precinct 71,3013020001,BROOKLYN,"996,120","181,470",ONLINE,Unspecified,BROOKLYN,,,,,,,,40.664762,-73.95721403,POINT (-73.957214027897 40.664761999168)
63933483,1/30/25 22:52,1/31/25 12:24,DSNY,Department of Sanitation,Dirty Condition,Trash,Littering,Sidewalk,10011,123 WAVERLY PLACE,WAVERLY PLACE,MAC DOUGAL STREET,AVENUE OF THE AMERICAS,MAC DOUGAL STREET,AVENUE OF THE AMERICAS,ADDRESS,NEW YORK,WAVERLY PLACE,,Closed,,The Department of Sanitation cleaned the location.,1/31/25 12:24,02 MANHATTAN,2,Precinct 6,1005530041,MANHATTAN,"984,382","206,209",MOBILE,Unspecified,MANHATTAN,,,,,,,,40.73267274,-73.99952371,POINT (-73.999523714915 40.732672736354)
63936860,1/30/25 22:52,1/31/25 2:52,NYPD,New York City Police Department,Abandoned Vehicle,With License Plate,,Street/Sidewalk,10128,304 EAST   95 STREET,EAST   95 STREET,2 AVENUE,1 AVENUE,2 AVENUE,1 AVENUE,ADDRESS,NEW YORK,EAST   95 STREET,,Closed,,The Police Department responded to the complaint and determined that police action was not necessary.,1/31/25 2:52,08 MANHATTAN,5,Precinct 19,1015570052,MANHATTAN,"998,883","224,689",ONLINE,Unspecified,MANHATTAN,Car,,,,,,,40.7833835,-73.9471607,POINT (-73.947160696291 40.78338350032)
63940839,1/30/25 22:52,1/31/25 2:35,NYPD,New York City Police Department,Blocked Driveway,No Access,,Street/Sidewalk,10462,2117 ELLIS AVENUE,ELLIS AVENUE,OLMSTEAD AVENUE,CASTLE HILL AVENUE,OLMSTEAD AVENUE,CASTLE HILL AVENUE,ADDRESS,BRONX,ELLIS AVENUE,,Closed,,The Police Department responded and upon arrival those responsible for the condition were gone.,1/31/25 2:35,09 BRONX,18,Precinct 43,2038130076,BRONX,"1,024,803","242,560",ONLINE,Unspecified,BRONX,,,,,,,,40.83235346,-73.85345655,POINT (-73.853456552234 40.83235346198)
63934290,1/30/25 22:52,1/31/25 2:16,NYPD,New York City Police Department,Illegal Parking,Blocked Sidewalk,,Street/Sidewalk,11208,3324 FULTON STREET,FULTON STREET,PINE STREET,JAMAICA LINE,PINE STREET,JAMAICA LINE,ADDRESS,BROOKLYN,FULTON STREET,,Closed,,The Police Department responded and upon arrival those responsible for the condition were gone.,1/31/25 2:17,05 BROOKLYN,37,Precinct 75,3041460031,BROOKLYN,"1,019,501","188,298",ONLINE,Unspecified,BROOKLYN,,,,,,,,40.68344109,-73.87290048,POINT (-73.872900484454 40.683441086443)
63939501,1/30/25 22:51,1/31/25 1:56,NYPD,New York City Police Department,Noise - Residential,Loud Music/Party,,Residential Building/House,11210,3101 FOSTER AVENUE,FOSTER AVENUE,NOSTRAND AVENUE,NEW YORK AVENUE,NOSTRAND AVENUE,NEW YORK AVENUE,ADDRESS,BROOKLYN,FOSTER AVENUE,,Closed,,The Police Department responded to the complaint but officers were unable to gain entry into the premises.,1/31/25 1:56,17 BROOKLYN,45,Precinct 67,3049640047,BROOKLYN,"998,844","171,965",MOBILE,Unspecified,BROOKLYN,,,,,,,,40.63866878,-73.94741581,POINT (-73.947415811029 40.63866877677)
63931866,1/30/25 22:51,1/30/25 22:52,NYPD,New York City Police Department,Illegal Parking,Posted Parking Sign Violation,,Street/Sidewalk,10031,571 RIVERSIDE DRIVE,RIVERSIDE DRIVE,12 AVENUE,WEST  135 STREET,12 AVENUE,WEST  135 STREET,ADDRESS,NEW YORK,RIVERSIDE DRIVE,,Closed,,The Police Department responded and upon arrival those responsible for the condition were gone.,1/30/25 22:52,09 MANHATTAN,7,Precinct 30,1020010001,MANHATTAN,"995,788","238,288",ONLINE,Unspecified,MANHATTAN,,,,,,,,40.82071361,-73.95831327,POINT (-73.958313273345 40.820713607314)
63933731,1/30/25 22:51,1/30/25 23:01,NYPD,New York City Police Department,Noise - Street/Sidewalk,Loud Talking,,Street/Sidewalk,11209,131 74 STREET,74 STREET,COLONIAL ROAD,RIDGE BOULEVARD,COLONIAL ROAD,RIDGE BOULEVARD,ADDRESS,BROOKLYN,74 STREET,,Closed,,The Police Department responded to the complaint and with the information available observed no evidence of the violation at that time.,1/30/25 23:01,10 BROOKLYN,47,Precinct 68,3059160062,BROOKLYN,"975,498","169,941",MOBILE,Unspecified,BROOKLYN,,,,,,,,40.63312103,-74.03153204,POINT (-74.03153203686 40.633121027017)
63939435,1/30/25 22:51,1/31/25 6:17,NYPD,New York City Police Department,Illegal Parking,License Plate Obscured,,Street/Sidewalk,10468,2402 GRAND AVENUE,GRAND AVENUE,WEST  184 STREET,WEST FORDHAM ROAD,WEST  184 STREET,WEST FORDHAM ROAD,ADDRESS,BRONX,GRAND AVENUE,,Closed,,The Police Department responded to the complaint and took action to fix the condition.,1/31/25 6:17,07 BRONX,14,Precinct 52,2031990012,BRONX,"1,010,821","253,310",ONLINE,Unspecified,BRONX,,,,,,,,40.86191216,-73.90393965,POINT (-73.903939645251 40.86191216113)
63938980,1/30/25 22:50,1/30/25 22:55,NYPD,New York City Police Department,Noise - Residential,Loud Music/Party,,Residential Building/House,10451,2715 3 AVENUE,3 AVENUE,EAST  144 STREET,EAST  145 STREET,EAST  144 STREET,EAST  145 STREET,ADDRESS,BRONX,3 AVENUE,,Closed,,The Police Department responded to the complaint and with the information available observed no evidence of the violation at that time.,1/30/25 22:55,01 BRONX,8,Precinct 40,2023240001,BRONX,"1,005,825","235,761",ONLINE,Unspecified,BRONX,,,,,,,,40.81375889,-73.92205779,POINT (-73.922057789334 40.813758891825)
63936743,1/30/25 22:50,2/1/25 16:21,HPD,Department of Housing Preservation and Development,HEAT/HOT WATER,ENTIRE BUILDING,NO HEAT,RESIDENTIAL BUILDING,10467,3433 DEKALB AVENUE,DEKALB AVENUE,,,,,ADDRESS,BRONX,,,Closed,,"The Department of Housing Preservation and Development was not able to gain access to your apartment or others in the building to inspect for a lack of heat or hot water. The complaint has been closed. If the condition still exists, please file a new complaint.",2/1/25 0:00,07 BRONX,11,Precinct 52,2033270132,BRONX,"1,016,910","260,253",MOBILE,Unspecified,BRONX,,,,,,,,40.88094813,-73.88189267,POINT (-73.881892672933 40.880948125115)
63932506,1/30/25 22:50,2/24/25 12:44,HPD,Department of Housing Preservation and Development,PAINT/PLASTER,WALL,COLLAPSING OR FALLING,RESIDENTIAL BUILDING,11208,978 GLENMORE AVENUE,GLENMORE AVENUE,,,,,ADDRESS,BROOKLYN,,,Closed,,An HPD Inspector was not able to gain access to inspect this complaint. The Inspector left a card at the time of the inspection and a letter was sent from HPD after the inspection attempt to encourage you to call to schedule an inspection. HPD did not receive a timely response from you and the complaint has been closed. Please submit a new service request with 311 if the condition still exists.,2/24/25 0:00,05 BROOKLYN,42,Precinct 75,3042110022,BROOKLYN,"1,019,217","185,738",ONLINE,Unspecified,BROOKLYN,,,,,,,,40.6764156,-73.87393774,POINT (-73.873937744755 40.676415600744)
63940449,1/30/25 22:50,2/24/25 12:44,HPD,Department of Housing Preservation and Development,FLOORING/STAIRS,FLOOR,SAGGING OR SLOPING,RESIDENTIAL BUILDING,11208,978 GLENMORE AVENUE,GLENMORE AVENUE,,,,,ADDRESS,BROOKLYN,,,Closed,,An HPD Inspector was not able to gain access to inspect this complaint. The Inspector left a card at the time of the inspection and a letter was sent from HPD after the inspection attempt to encourage you to call to schedule an inspection. HPD did not receive a timely response from you and the complaint has been closed. Please submit a new service request with 311 if the condition still exists.,2/24/25 0:00,05 BROOKLYN,42,Precinct 75,3042110022,BROOKLYN,"1,019,217","185,738",ONLINE,Unspecified,BROOKLYN,,,,,,,,40.6764156,-73.87393774,POINT (-73.873937744755 40.676415600744)
63935243,1/30/25 22:50,2/24/25 12:44,HPD,Department of Housing Preservation and Development,DOOR/WINDOW,WINDOW FRAME,WINDOW STUCK CLOSED OR OPEN,RESIDENTIAL BUILDING,11208,978 GLENMORE AVENUE,GLENMORE AVENUE,,,,,ADDRESS,BROOKLYN,,,Closed,,An HPD Inspector was not able to gain access to inspect this complaint. The Inspector left a card at the time of the inspection and a letter was sent from HPD after the inspection attempt to encourage you to call to schedule an inspection. HPD did not receive a timely response from you and the complaint has been closed. Please submit a new service request with 311 if the condition still exists.,2/24/25 0:00,05 BROOKLYN,42,Precinct 75,3042110022,BROOKLYN,"1,019,217","185,738",ONLINE,Unspecified,BROOKLYN,,,,,,,,40.6764156,-73.87393774,POINT (-73.873937744755 40.676415600744)
63939776,1/30/25 22:50,2/24/25 12:44,HPD,Department of Housing Preservation and Development,PAINT/PLASTER,WALL,DIRTY OR UNSANITARY,RESIDENTIAL BUILDING,11208,978 GLENMORE AVENUE,GLENMORE AVENUE,,,,,ADDRESS,BROOKLYN,,,Closed,,An HPD Inspector was not able to gain access to inspect this complaint. The Inspector left a card at the time of the inspection and a letter was sent from HPD after the inspection attempt to encourage you to call to schedule an inspection. HPD did not receive a timely response from you and the complaint has been closed. Please submit a new service request with 311 if the condition still exists.,2/24/25 0:00,05 BROOKLYN,42,Precinct 75,3042110022,BROOKLYN,"1,019,217","185,738",ONLINE,Unspecified,BROOKLYN,,,,,,,,40.6764156,-73.87393774,POINT (-73.873937744755 40.676415600744)